Rice,June - July,November - December,Manual,Cut the paddy using a sickle at 80-85% maturity,"Thanjavur, Trichy, Nagapattinam, Thiruvarur, Kanchipuram",120-135,"Clay loam, Alluvial","Canal Irrigation, Tank Irrigation, Well Irrigation",Use high-yield varieties and proper spacing; Apply fertilizers based on soil test recommendations,"Thanjavur, Trichy, Nagapattinam, Thiruvarur, Cuddalore","Canal Irrigation, Tank Irrigation",Use high-yield varieties and proper spacing. Apply zinc sulphate.,"Thanjavur, Trichy, Nagapattinam",120,Clay loam,Canal Irrigation,Use high-yield varieties and proper spacing,Crop Name,Sowing Season,Harvesting Season,Harvesting Method,Harvesting Instructions,Suitable Districts,Duration (days),Soil Type,Irrigation Method,Yield Tips,"Thanjavur, Trichy, Nagapattinam, Thiruvarur",135,"Use high-yield varieties and proper spacing, manage water effectively","Use high-yield varieties, proper spacing, and integrated nutrient management",Use high-yield varieties and proper spacing. Apply fertilizers as per soil test recommendations.,"Thanjavur, Trichy, Madurai",Use high-yield varieties and proper spacing. Manage water effectively.,"Thanjavur, Trichy","Use high-yield varieties and proper spacing, manage pests and diseases effectively"
Maize,"June - July, September - October","October - November, January - February","Manual, Mechanical",Harvest when kernels are hard and moisture content is low,"Coimbatore, Dindigul, Perambalur, Ariyalur, Salem",90-120,"Sandy loam, Red soil","Well Irrigation, Drip Irrigation",Ensure proper drainage; Control weeds effectively; Supply adequate nutrients,,,,,,,,,,,,,,,,,,,,,,,,,,,
Groundnut,"June - July, January - February","October - November, May - June","Manual, Mechanical",Harvest when pods are mature and kernels are pinkish-red,"Villupuram, Tiruvannamalai, Vellore, Cuddalore, Salem",120-150,"Sandy loam, Red sandy loam","Well Irrigation, Rainfed",Provide gypsum during flowering; Manage leaf spot disease; Practice crop rotation,,,,,,,,,,,,,,,,,,,,,,,,,,,
Sugarcane,"January - March, July - September","January - March (following year), July - September (following year)",Manual,Cut the cane close to the ground; Remove the leaves before crushing,"Coimbatore, Erode, Karur, Tiruchirappalli, Namakkal",365,"Loamy soil, Clay loam","Canal Irrigation, Well Irrigation",Ensure adequate water supply; Apply organic manures; Control sugarcane borers,,,,,,,,,,,,,,,,,,,,,,,,,,,
Cotton,June - July,December - January,"Manual, Mechanical",Pick the cotton bolls when fully opened and dry,"Coimbatore, Madurai, Virudhunagar, Tiruppur, Theni",180-200,"Black soil, Alluvial soil","Well Irrigation, Canal Irrigation",Control bollworms effectively; Practice intercropping with pulses; Manage whitefly,,,,,,,,,,,,,,,,,,,,,,,,,,,
Blackgram,"June - July, September - October","August - September, December - January",Manual,Harvest when pods are black and dry,"Thanjavur, Nagapattinam, Tiruvarur, Villupuram, Cuddalore",60-75,"Sandy loam, Black soil","Well Irrigation, Rainfed",Provide adequate phosphorus; Control yellow mosaic virus; Practice summer ploughing,,,,,,,,,,,,,,,,,,,,,,,,,,,
Greengram,"June - July, September - October","August - September, December - January",Manual,Harvest when pods are yellow and dry,"Salem, Namakkal, Dharmapuri, Krishnagiri, Erode",60-70,"Sandy loam, Red soil","Well Irrigation, Rainfed",Inoculate seeds with Rhizobium; Control pod borers; Practice crop rotation,,,,,,,,,,,,,,,,,,,,,,,,,,,
Turmeric,April - May,January - February (following year),Manual,Dig out the rhizomes when leaves turn yellow and dry,"Erode, Salem, Karur, Namakkal, Tiruchirappalli",270-300,"Sandy loam, Red loam","Well Irrigation, Drip Irrigation",Provide adequate shade; Apply organic manures; Control rhizome rot,,,,,,,,,,,,,,,,,,,,,,,,,,,
Banana,Throughout the year (planting),12-15 months after planting,Manual,Cut the bunch when fruits are mature and plump,"Tiruchirappalli, Theni, Tuticorin, Kanyakumari, Tirunelveli",365-450,"Loamy soil, Clay loam","Drip Irrigation, Canal Irrigation",Provide adequate support to the plant; Control banana bunchy top virus; Apply potassium-rich fertilizers,,,,,,,,,,,,,,,,,,,,,,,,,,,
Coconut,Throughout the year (planting),5-7 years after planting,Manual,Climb the tree and harvest the matured nuts,"Coimbatore, Thanjavur, Kanyakumari, Tirunelveli, Pollachi",Perennial,"Sandy loam, Laterite soil","Rainfed, Well Irrigation",Provide adequate nutrients; Control coconut mite; Practice intercropping,,,,,,,,,,,,,,,,,,,,,,,,,,,
Cashew,Throughout the year (planting),February - May,Manual,Collect the cashew apples and nuts when they fall from the tree,"Cuddalore, Pudukkottai, Sivaganga, Ramanathapuram, Thanjavur",Perennial,"Sandy loam, Red sandy loam",Rainfed,Control tea mosquito bug; Provide proper drainage; Apply boron fertilizer,,,,,,,,,,,,,,,,,,,,,,,,,,,
Mango,June - July (planting),April - June,Manual,Harvest the fruits when they are mature and slightly colored,"Krishnagiri, Dharmapuri, Salem, Tiruvallur, Vellore",Perennial,"Loamy soil, Red sandy loam","Well Irrigation, Rainfed",Control mango hopper; Practice pruning; Apply plant growth regulators,,,,,,,,,,,,,,,,,,,,,,,,,,,
Tapioca,"June - July, October - November","December - January, April - May",Manual,Harvest the tubers when they are mature and starchy,"Salem, Namakkal, Villupuram, Cuddalore, Dharmapuri",270-300,"Sandy loam, Red loam","Well Irrigation, Rainfed",Provide adequate potassium; Control cassava mosaic disease; Practice crop rotation,,,,,,,,,,,,,,,,,,,,,,,,,,,
Onion,"September - October, January - February","December - January, April - May",Manual,Harvest when the tops fall over and the bulbs are mature,"Perambalur, Tiruchirappalli, Dindigul, Theni, Madurai",120-150,"Sandy loam, Loamy soil","Well Irrigation, Drip Irrigation",Provide adequate sulfur; Control thrips; Practice proper curing,,,,,,,,,,,,,,,,,,,,,,,,,,,
Tomato,"June - July, September - October","October - November, January - February",Manual,Harvest when fruits are fully colored and firm,"Dindigul, Krishnagiri, Dharmapuri, Coimbatore, Salem",75-90,"Sandy loam, Red loam","Well Irrigation, Drip Irrigation",Provide staking; Control tomato leaf curl virus; Apply calcium nitrate,,,,,,,,,,,,,,,,,,,,,,,,,,,
Brinjal,"June - July, September - October","October - November, January - February",Manual,Harvest when fruits are tender and glossy,"Vellore, Tiruvannamalai, Villupuram, Cuddalore, Kanchipuram",120-150,"Sandy loam, Clay loam","Well Irrigation, Drip Irrigation",Control brinjal shoot and fruit borer; Apply nitrogen fertilizer; Practice crop rotation,,,,,,,,,,,,,,,,,,,,,,,,,,,
Chilli,"June - July, September - October","October - November, January - February",Manual,Harvest when fruits are red and dry,"Ramanathapuram, Sivaganga, Virudhunagar, Thoothukudi, Tirunelveli",180-210,"Sandy loam, Red soil","Well Irrigation, Drip Irrigation",Control thrips and mites; Apply potassium fertilizer; Practice proper drying,,,,,,,,,,,,,,,,,,,,,,,,,,,
Ladies Finger (Okra),"June - July, September - October","August - September, December - January",Manual,Harvest when pods are tender and green,"Madurai, Dindigul, Theni, Coimbatore, Tiruppur",60-75,"Sandy loam, Loamy soil","Well Irrigation, Drip Irrigation",Control okra shoot and fruit borer; Apply nitrogen fertilizer; Practice crop rotation,,,,,,,,,,,,,,,,,,,,,,,,,,,
Jasmine,Throughout the year (planting),Throughout the year (flowering),Manual,Pick the flowers in the early morning before they open,"Madurai, Dindigul, Theni, Virudhunagar, Tirunelveli",Perennial,"Sandy loam, Red loam","Well Irrigation, Drip Irrigation",Provide regular pruning; Apply organic manures; Control bud borer,,,,,,,,,,,,,,,,,,,,,,,,,,,
Marigold,"June - July, September - October","August - September, December - January",Manual,Harvest the flowers when they are fully open,"Coimbatore, Dindigul, Krishnagiri, Dharmapuri, Salem",75-90,"Sandy loam, Loamy soil","Well Irrigation, Drip Irrigation",Provide regular pinching; Apply phosphorus fertilizer; Control leaf spot disease,,,,,,,,,,,,,,,,,,,,,,,,,,,
Rose,Throughout the year (planting),Throughout the year (flowering),Manual,Cut the stems at an angle when the buds are partially open,"Nilgiris, Dindigul, Theni, Coimbatore, Madurai",Perennial,"Sandy loam, Red loam","Well Irrigation, Drip Irrigation",Provide regular pruning; Apply organic manures; Control aphids and thrips,,,,,,,,,,,,,,,,,,,,,,,,,,,
Cardamom,June - July (planting),October - December (3rd year onwards),Manual,Harvest the capsules when they are mature and green,"Theni, Dindigul, Tirunelveli, Kanyakumari",Perennial,"Forest loam, Red loam","Rainfed, Sprinkler Irrigation",Provide shade; Apply organic manures; Control cardamom thrips,,,,,,,,,,,,,,,,,,,,,,,,,,,
Tea,Throughout the year (planting),Throughout the year (harvesting),Manual,Pluck the two leaves and a bud,"Nilgiris, Coimbatore",Perennial,"Laterite soil, Red loam","Rainfed, Sprinkler Irrigation",Provide shade; Apply nitrogen fertilizer; Control tea mosquito bug,,,,,,,,,,,,,,,,,,,,,,,,,,,
Coffee,June - July (planting),November - February (3rd year onwards),Manual,Pick the ripe cherries,"Dindigul, Theni, Salem, Coimbatore",Perennial,"Laterite soil, Red loam","Rainfed, Sprinkler Irrigation",Provide shade; Apply organic manures; Control coffee berry borer,,,,,,,,,,,,,,,,,,,,,,,,,,,
Rubber,June - July (planting),6-7 years after planting (tapping),Manual,Tap the bark to collect the latex,Kanyakumari,Perennial,"Laterite soil, Red loam",Rainfed,Provide regular tapping; Apply fertilizers; Control diseases,,,,,,,,,,,,,,,,,,,,,,,,,,,
Pepper,June - July (planting),January - March (3rd year onwards),Manual,Harvest the spikes when berries turn red,"Theni, Dindigul, Tirunelveli, Kanyakumari",Perennial,"Forest loam, Red loam","Rainfed, Sprinkler Irrigation",Provide support; Apply organic manures; Control pepper quick wilt,,,,,,,,,,,,,,,,,,,,,,,,,,,
Sesame,"June - July, December - January","September - October, March - April",Manual,Harvest when capsules turn yellow and dry,"Villupuram, Cuddalore, Tiruvannamalai, Vellore, Salem",90-100,"Sandy loam, Red soil","Well Irrigation, Rainfed",Provide adequate phosphorus; Control sesame gall midge; Practice crop rotation,,,,,,,,,,,,,,,,,,,,,,,,,,,
Sunflower,"June - July, December - January","September - October, March - April","Manual, Mechanical",Harvest when the back of the flower head turns yellow and dry,"Coimbatore, Erode, Karur, Tiruchirappalli, Namakkal",90-100,"Black soil, Sandy loam","Well Irrigation, Drip Irrigation",Ensure proper pollination; Control sunflower head borer; Apply boron fertilizer,,,,,,,,,,,,,,,,,,,,,,,,,,,
Castor,"June - July, December - January","November - December, May - June",Manual,Harvest when capsules turn brown and dry,"Vellore, Tiruvannamalai, Villupuram, Cuddalore, Salem",180-210,"Sandy loam, Red soil","Well Irrigation, Rainfed",Provide adequate nitrogen; Control castor semilooper; Practice intercropping,,,,,,,,,,,,,,,,,,,,,,,,,,,
Sorghum,"June - July, September - October","October - November, January - February","Manual, Mechanical",Harvest when grains are hard and dry,"Coimbatore, Dindigul, Perambalur, Ariyalur, Salem",90-120,"Sandy loam, Red soil","Well Irrigation, Rainfed",Ensure proper drainage; Control sorghum shoot fly; Supply adequate nutrients,,,,,,,,,,,,,,,,,,,,,,,,,,,
Cumbu (Pearl Millet),"June - July, September - October","October - November, January - February","Manual, Mechanical",Harvest when grains are hard and dry,"Ramanathapuram, Sivaganga, Virudhunagar, Thoothukudi, Tirunelveli",75-90,"Sandy loam, Red soil","Well Irrigation, Rainfed",Ensure proper drainage; Control downy mildew; Supply adequate nutrients,,,,,,,,,,,,,,,,,,,,,,,,,,,
Horsegram,"June - July, September - October","October - November, January - February",Manual,Harvest when pods are dry and shatter easily,"Dharmapuri, Krishnagiri, Salem, Vellore, Tiruvannamalai",90-120,"Sandy loam, Red soil",Rainfed,Ensure proper drainage; Control pod borers; Apply phosphorus fertilizer,,,,,,,,,,,,,,,,,,,,,,,,,,,
Bengal Gram (Chickpea),October - November,January - February,Manual,Harvest when pods are yellow and dry,"Theni, Dindigul, Madurai, Virudhunagar, Tirunelveli",90-120,"Black soil, Loamy soil","Well Irrigation, Rainfed",Inoculate seeds with Rhizobium; Control pod borers; Practice crop rotation,,,,,,,,,,,,,,,,,,,,,,,,,,,
Coriander,"June - July, September - October","August - September, December - January",Manual,Harvest when seeds are mature and brown,"Madurai, Dindigul, Theni, Virudhunagar, Tirunelveli",90-120,"Sandy loam, Loamy soil","Well Irrigation, Rainfed",Provide adequate phosphorus; Control aphids; Practice crop rotation,,,,,,,,,,,,,,,,,,,,,,,,,,,
Fenugreek,"June - July, September - October","August - September, December - January",Manual,Harvest when pods are yellow and dry,"Theni, Dindigul, Madurai, Virudhunagar, Tirunelveli",90-120,"Sandy loam, Loamy soil","Well Irrigation, Rainfed",Provide adequate phosphorus; Control aphids; Practice crop rotation,,,,,,,,,,,,,,,,,,,,,,,,,,,
Mustard,October - November,January - February,"Manual, Mechanical",Harvest when pods are yellow and dry,"Vellore, Tiruvannamalai, Villupuram, Cuddalore, Salem",120-150,"Sandy loam, Loamy soil",Well Irrigation,Provide adequate sulfur; Control aphids; Practice crop rotation,,,,,,,,,,,,,,,,,,,,,,,,,,,
Drumstick,Throughout the year (planting),6-8 months after planting,Manual,Harvest the pods when they are tender and green,"Dindigul, Karur, Perambalur, Trichy, Ariyalur",Perennial,"Sandy loam, Red soil","Well Irrigation, Rainfed",Provide regular pruning; Apply organic manures; Control pod borers,,,,,,,,,,,,,,,,,,,,,,,,,,,
Arecanut,June - July (planting),7-8 years after planting,Manual,Harvest when nuts are mature and orange-yellow,"Coimbatore, Tirunelveli, Kanyakumari",Perennial,"Laterite soil, Red loam","Rainfed, Well Irrigation",Provide shade; Apply organic manures; Control arecanut mite,,,,,,,,,,,,,,,,,,,,,,,,,,,
Sweet Potato,"June - July, October - November","December - January, April - May",Manual,Harvest the tubers when they are mature and starchy,"Vellore, Tiruvannamalai, Villupuram, Cuddalore, Salem",120-150,"Sandy loam, Red soil","Well Irrigation, Rainfed",Provide adequate potassium; Control sweet potato weevil; Practice crop rotation,,,,,,,,,,,,,,,,,,,,,,,,,,,
Amla (Indian Gooseberry),June - July (planting),November - December,Manual,Harvest the fruits when they are mature and greenish-yellow,"Krishnagiri, Dharmapuri, Salem, Vellore, Tiruvannamalai",Perennial,"Sandy loam, Red soil","Well Irrigation, Rainfed",Provide regular pruning; Apply organic manures; Control fruit fly,,,,,,,,,,,,,,,,,,,,,,,,,,,
Guava,June - July (planting),Throughout the year,Manual,Harvest the fruits when they are mature and slightly soft,"Dindigul, Karur, Perambalur, Trichy, Ariyalur",Perennial,"Sandy loam, Red soil","Well Irrigation, Rainfed",Provide regular pruning; Apply organic manures; Control fruit fly,,,,,,,,,,,,,,,,,,,,,,,,,,,
Sapota (Chikoo),June - July (planting),Throughout the year,Manual,Harvest the fruits when they are mature and slightly soft,"Dindigul, Karur, Perambalur, Trichy, Ariyalur",Perennial,"Sandy loam, Red soil","Well Irrigation, Rainfed",Provide regular pruning; Apply organic manures; Control fruit fly,,,,,,,,,,,,,,,,,,,,,,,,,,,
Jackfruit,June - July (planting),Throughout the year,Manual,Harvest the fruits when they are mature and slightly soft,"Dindigul, Karur, Perambalur, Trichy, Ariyalur",Perennial,"Sandy loam, Red soil","Well Irrigation, Rainfed",Provide regular pruning; Apply organic manures; Control fruit fly,,,,,,,,,,,,,,,,,,,,,,,,,,,
Lemon,June - July (planting),Throughout the year,Manual,Harvest the fruits when they are mature and yellow,"Dindigul, Karur, Perambalur, Trichy, Ariyalur",Perennial,"Sandy loam, Red soil","Well Irrigation, Rainfed",Provide regular pruning; Apply organic manures; Control citrus canker,,,,,,,,,,,,,,,,,,,,,,,,,,,
Orange,June - July (planting),Throughout the year,Manual,Harvest the fruits when they are mature and orange,"Dindigul, Karur, Perambalur, Trichy, Ariyalur",Perennial,"Sandy loam, Red soil","Well Irrigation, Rainfed",Provide regular pruning; Apply organic manures; Control citrus canker,,,,,,,,,,,,,,,,,,,,,,,,,,,
Pomegranate,June - July (planting),Throughout the year,Manual,Harvest the fruits when they are mature and red,"Dindigul, Karur, Perambalur, Trichy, Ariyalur",Perennial,"Sandy loam, Red soil","Well Irrigation, Rainfed",Provide regular pruning; Apply organic manures; Control fruit fly,,,,,,,,,,,,,,,,,,,,,,,,,,,
Custard Apple,June - July (planting),Throughout the year,Manual,Harvest the fruits when they are mature and soft,"Dindigul, Karur, Perambalur, Trichy, Ariyalur",Perennial,"Sandy loam, Red soil","Well Irrigation, Rainfed",Provide regular pruning; Apply organic manures; Control fruit fly,,,,,,,,,,,,,,,,,,,,,,,,,,,
Papaya,June - July (planting),Throughout the year,Manual,Harvest the fruits when they are mature and slightly yellow,"Dindigul, Karur, Perambalur, Trichy, Ariyalur",Perennial,"Sandy loam, Red soil","Well Irrigation, Rainfed",Provide regular pruning; Apply organic manures; Control fruit fly,,,,,,,,,,,,,,,,,,,,,,,,,,,
Watermelon,"January - February, June-July","April-May, October-November",Manual,Harvest when the underside of the melon turns yellow,"Ariyalur, Perambalur, Karur, Tiruchirappalli, Dindigul",80-90,Sandy loam,"Well Irrigation, Furrow Irrigation",Ensure proper drainage; Control fruit fly; Apply potassium-rich fertilizers,,,,,,,,,,,,,,,,,,,,,,,,,,,
Muskmelon,"January - February, June-July","April-May, October-November",Manual,Harvest when the melon slips easily from the vine,"Ariyalur, Perambalur, Karur, Tiruchirappalli, Dindigul",75-85,Sandy loam,"Well Irrigation, Furrow Irrigation",Ensure proper drainage; Control fruit fly; Apply potassium-rich fertilizers,,,,,,,,,,,,,,,,,,,,,,,,,,,
Sugarcane,February - March,January - December (ratoon also),Manual/Mechanical,Harvest when brix value is optimal,,365,Well-drained loamy,,,"Erode, Karur, Namakkal, Tiruchirappalli, Villupuram","Drip Irrigation, Furrow Irrigation",Ensure adequate nutrient management and weed control. Practice ratooning.,,,,,,,,,,,,,,,,,,,,,,,,
Cotton,June - July,November - December,Manual,Pick fully opened bolls,,150-180,"Black soil, Red sandy loam",,,"Virudhunagar, Madurai, Tirunelveli, Thoothukudi, Coimbatore","Drip Irrigation, Rainfed",Monitor pests and diseases regularly. Use Bt cotton varieties.,,,,,,,,,,,,,,,,,,,,,,,,
Groundnut,June - July,September - October,Manual/Mechanical,Harvest when pods are mature and kernels are filled,,120-135,"Sandy loam, Red soil",,,"Villupuram, Tiruvannamalai, Vellore, Cuddalore, Salem","Rainfed, Well Irrigation",Apply gypsum at flowering stage. Control leaf spot and rust.,,,,,,,,,,,,,,,,,,,,,,,,
Maize,June - July,September - October,Manual/Mechanical,Harvest when kernels are dented and moisture content is low,,90-100,"Sandy loam, Clay loam",,,"Coimbatore, Dindigul, Theni, Salem, Dharmapuri","Furrow Irrigation, Drip Irrigation",Use hybrid varieties. Apply balanced fertilizers based on soil test.,,,,,,,,,,,,,,,,,,,,,,,,
Blackgram,June - July,September - October,Manual,Harvest when pods turn black and are dry,,60-75,"Sandy loam, Black soil",,,"Thanjavur, Trichy, Villupuram, Cuddalore, Perambalur","Rainfed, Well Irrigation",Control yellow mosaic virus. Provide adequate drainage.,,,,,,,,,,,,,,,,,,,,,,,,
Greengram,June - July,September - October,Manual,Harvest when pods turn yellow and are dry,,60-75,"Sandy loam, Black soil",,,"Thanjavur, Trichy, Villupuram, Cuddalore, Perambalur","Rainfed, Well Irrigation",Control powdery mildew. Provide adequate drainage.,,,,,,,,,,,,,,,,,,,,,,,,
Redgram,June - July,December - January,Manual,Harvest when pods are dry and seeds are mature,,150-180,"Red sandy loam, Black soil",,,"Krishnagiri, Dharmapuri, Salem, Tiruvannamalai, Vellore","Rainfed, Well Irrigation",Control pod borer. Use drought-resistant varieties.,,,,,,,,,,,,,,,,,,,,,,,,
Coconut,Throughout the year,Throughout the year,Manual,Harvest mature nuts at regular intervals,,Perennial,"Sandy loam, Red soil",,,"Coimbatore, Thanjavur, Kanyakumari, Tirunelveli, Pollachi",Drip Irrigation,Provide adequate irrigation and nutrient management. Control rhinoceros beetle.,,,,,,,,,,,,,,,,,,,,,,,,
Banana,Throughout the year,Throughout the year,Manual,Harvest when fingers are full and rounded,,Perennial,"Loamy soil, Clay loam",,,"Trichy, Theni, Tiruchirappalli, Tuticorin, Erode",Drip Irrigation,Provide adequate irrigation and nutrient management. Control Sigatoka leaf spot.,,,,,,,,,,,,,,,,,,,,,,,,
Turmeric,April - May,January - February,Manual,Harvest when leaves turn yellow and dry,,270-300,"Sandy loam, Red soil",,,"Erode, Salem, Karur, Dindigul, Coimbatore","Drip Irrigation, Sprinkler Irrigation",Provide adequate irrigation and nutrient management. Control rhizome rot.,,,,,,,,,,,,,,,,,,,,,,,,
Tapioca,July - August,February - March,Manual,Harvest when tubers are mature,,270-300,"Sandy loam, Red soil",,,"Salem, Namakkal, Dharmapuri, Villupuram, Tiruvannamalai",Well Irrigation,Provide adequate irrigation and nutrient management. Control cassava mosaic disease.,,,,,,,,,,,,,,,,,,,,,,,,
Cashew,Throughout the year,March - May,Manual,Harvest mature nuts that have fallen to the ground,,Perennial,"Sandy loam, Red soil",,,"Cuddalore, Pudukkottai, Sivaganga, Ramanathapuram, Thanjavur",Rainfed,Provide adequate pruning and nutrient management. Control tea mosquito bug.,,,,,,,,,,,,,,,,,,,,,,,,
Mango,Throughout the year,April - June,Manual,Harvest mature fruits before they ripen on the tree,,Perennial,"Sandy loam, Red soil",,,"Krishnagiri, Dharmapuri, Salem, Tiruvannamalai, Vellore",Well Irrigation,Provide adequate irrigation and nutrient management. Control fruit fly.,,,,,,,,,,,,,,,,,,,,,,,,
Jasmine,Throughout the year,Throughout the year,Manual,Pick flowers early in the morning,,Perennial,"Sandy loam, Red soil",,,"Madurai, Dindigul, Theni, Tirunelveli, Virudhunagar",Drip Irrigation,Provide adequate irrigation and nutrient management. Control bud worm.,,,,,,,,,,,,,,,,,,,,,,,,
Tomato,"June - July, January - February","September - October, April - May",Manual,Harvest when fruits are fully ripe and red,,90-100,"Sandy loam, Red soil",,,"Dindigul, Krishnagiri, Dharmapuri, Coimbatore, Salem",Drip Irrigation,Provide adequate irrigation and nutrient management. Control early blight.,,,,,,,,,,,,,,,,,,,,,,,,
Brinjal,"June - July, January - February","September - October, April - May",Manual,Harvest when fruits are tender and glossy,,120-150,"Sandy loam, Red soil",,,"Dindigul, Krishnagiri, Dharmapuri, Coimbatore, Salem",Drip Irrigation,Provide adequate irrigation and nutrient management. Control fruit and shoot borer.,,,,,,,,,,,,,,,,,,,,,,,,
Onion,"June - July, October - November","September - October, January - February",Manual,Harvest when tops fall over and bulbs are mature,,120-150,"Sandy loam, Red soil",,,"Dindigul, Perambalur, Tiruchirappalli, Karur, Namakkal",Drip Irrigation,Provide adequate irrigation and nutrient management. Control thrips.,,,,,,,,,,,,,,,,,,,,,,,,
Chilli,"June - July, January - February","September - October, April - May",Manual,Harvest when fruits are fully ripe and red,,180-210,"Sandy loam, Red soil",,,"Ramanathapuram, Sivaganga, Virudhunagar, Thoothukudi, Tirunelveli",Drip Irrigation,Provide adequate irrigation and nutrient management. Control thrips and mites.,,,,,,,,,,,,,,,,,,,,,,,,
Tapioca,July - August,February-March,Manual,Harvest when tubers reach maturity (8-10 months),,240-300,"Sandy loam, Well-drained",,,"Salem, Namakkal, Erode, Villupuram","Sprinkler irrigation, Well irrigation","Ensure proper spacing, weed management and fertilizer application",,,,,,,,,,,,,,,,,,,,,,,,
Sorghum,June-July,September-October,Manual/Mechanical,Harvest when grain is fully mature and dry,,90-120,"Sandy loam, Black soil",,,"Coimbatore, Erode, Tiruppur, Madurai","Rainfed, Well irrigation","Use hybrid varieties, manage shoot fly and stem borer",,,,,,,,,,,,,,,,,,,,,,,,
Sunflower,February-March,May-June,Manual/Mechanical,Harvest when back of the head turns yellow,,90-100,Well-drained loamy soil,,,"Coimbatore, Erode, Tiruppur, Madurai","Drip irrigation, Well irrigation","Ensure proper pollination, manage head borer",,,,,,,,,,,,,,,,,,,,,,,,
Sesame,June-July,September-October,Manual,Harvest when capsules turn yellow and start to crack,,90-100,"Sandy loam, Alluvial soil",,,"Thanjavur, Nagapattinam, Tiruvarur, Cuddalore","Rainfed, Well irrigation","Control phyllody disease, ensure timely sowing",,,,,,,,,,,,,,,,,,,,,,,,
Castor,June-July,January-February,Manual,Harvest when capsules are mature and dry,,180-240,"Sandy loam, Red soil",,,"Vellore, Tiruvannamalai, Villupuram, Cuddalore","Rainfed, Well irrigation","Prune regularly, control semi-looper and capsule borer",,,,,,,,,,,,,,,,,,,,,,,,
Pulses (General),October-November,January-February,Manual,Harvest when pods are dry and mature,,90-120,"Sandy loam, Red soil",,,Various districts,"Rainfed, Well irrigation","Control pod borer, provide good drainage",,,,,,,,,,,,,,,,,,,,,,,,
Cumbu (Pearl Millet),June-July,September-October,Manual/Mechanical,Harvest when grain is fully mature and dry,,80-90,"Sandy loam, Red soil",,,"Tiruvannamalai, Villupuram, Vellore, Dharmapuri","Rainfed, Well irrigation","Use hybrid varieties, manage downy mildew",,,,,,,,,,,,,,,,,,,,,,,,
Bengal Gram,October-November,January-February,Manual,Harvest when pods are dry and seeds are mature,,110-120,"Black soil, Loamy soil",,,"Theni, Madurai, Dindigul, Virudhunagar","Rainfed, Well irrigation","Control wilt disease, ensure timely sowing",,,,,,,,,,,,,,,,,,,,,,,,
Horse Gram,October-November,January-February,Manual,Harvest when pods are dry and seeds are mature,,90-100,Red sandy soil,,,"Krishnagiri, Dharmapuri, Salem, Erode",Rainfed,Grown mainly in rainfed conditions,,,,,,,,,,,,,,,,,,,,,,,,
Cardamom,June-July,October-November,Manual,Harvest capsules before they are fully ripe,,Perennial,"Loamy soil, Rich in organic matter",,,"Theni, Dindigul, Tirunelveli","Irrigation through sprinklers, Drip irrigation","Ensure adequate shade, manage rhizome rot",,,,,,,,,,,,,,,,,,,,,,,,
Tea,Throughout the year,Throughout the year,Manual,Pluck young shoots regularly,,Perennial,"Acidic soil, Well-drained",,,"Nilgiris, Coimbatore",Sprinkler Irrigation,"Ensure proper shade, regular pruning",,,,,,,,,,,,,,,,,,,,,,,,
Coffee,June-July,November-December,Manual,Harvest ripe berries,,Perennial,Well-drained loamy soil,,,"Dindigul, Theni, Salem","Irrigation through sprinklers, Drip irrigation","Ensure proper shade, manage coffee berry borer",,,,,,,,,,,,,,,,,,,,,,,,
Rubber,Throughout the year,Throughout the year,Manual,Tap the bark to collect latex,,Perennial,Well-drained laterite soil,,,Kanyakumari,Rainfed,"Ensure proper tapping techniques, manage fungal diseases",,,,,,,,,,,,,,,,,,,,,,,,
Pepper,June-July,January-February,Manual,Harvest spikes when berries are mature,,Perennial,Well-drained loamy soil,,,"Theni, Dindigul, Tirunelveli",Drip Irrigation,"Ensure adequate support, manage quick wilt disease",,,,,,,,,,,,,,,,,,,,,,,,
Cloves,June-July,October-November,Manual,Harvest flower buds before they open,,Perennial,Well-drained loamy soil,,,"Tirunelveli, Kanyakumari",Rainfed,"Ensure proper drainage, manage die-back disease",,,,,,,,,,,,,,,,,,,,,,,,
Nutmeg,June-July,November-December,Manual,Harvest mature fruits,,Perennial,Well-drained loamy soil,,,"Tirunelveli, Kanyakumari",Rainfed,"Ensure proper pollination, manage fruit rot",,,,,,,,,,,,,,,,,,,,,,,,
Tapioca,June-July,February-March,Manual,Harvest after 8-10 months when tubers are mature,,240-300,Sandy loam,,,"Salem, Namakkal, Erode, Villupuram","Well irrigation, Sprinkler irrigation","Ensure proper spacing, weed management",,,,,,,,,,,,,,,,,,,,,,,,
Casuarina,June-July,After 4-8 years,Manual,Harvest trees after specified growth period,,Perennial,Sandy soil,,,Coastal districts,Rainfed,Plant for soil conservation and windbreaks,,,,,,,,,,,,,,,,,,,,,,,,
Plywood trees (Eucalyptus),June-July,After 6-8 years,Mechanical,Harvest trees after specified growth period,,Perennial,Well-drained soil,,,Various districts,"Rainfed, Well irrigation",Plant for timber production,,,,,,,,,,,,,,,,,,,,,,,,
Samai (Little Millet),June-July,September-October,Manual,Harvest when grain is fully mature and dry,,80-90,Red sandy soil,,,"Krishnagiri, Dharmapuri, Salem",Rainfed,Ensure timely sowing and weed management,,,,,,,,,,,,,,,,,,,,,,,,
Varagu (Kodo Millet),June-July,September-October,Manual,Harvest when grain is fully mature and dry,,90-100,Red sandy soil,,,"Krishnagiri, Dharmapuri, Salem",Rainfed,Ensure timely sowing and weed management,,,,,,,,,,,,,,,,,,,,,,,,
Tenai (Foxtail Millet),June-July,September-October,Manual,Harvest when grain is fully mature and dry,,80-90,Sandy loam,,,"Coimbatore, Erode, Tiruppur",Rainfed,Ensure timely sowing and weed management,,,,,,,,,,,,,,,,,,,,,,,,
Kuthiraivali (Barnyard Millet),June-July,September-October,Manual,Harvest when grain is fully mature and dry,,70-80,Sandy loam,,,"Vellore, Tiruvannamalai, Villupuram",Rainfed,Ensure timely sowing and weed management,,,,,,,,,,,,,,,,,,,,,,,,
Vegetables (Mixed),Throughout the year,Throughout the year,Manual,Harvest at optimal maturity,,60-120,Sandy loam,,,Various districts,"Drip irrigation, Well irrigation",Provide proper nutrient management and pest control,,,,,,,,,,,,,,,,,,,,,,,,
Drumstick,Throughout the year,Throughout the year,Manual,Harvest tender pods,,Perennial,Well-drained soil,,,All districts,Well irrigation,Prune regularly and provide adequate support,,,,,,,,,,,,,,,,,,,,,,,,
Lime,Throughout the year,Throughout the year,Manual,Harvest when fruits turn yellow,,Perennial,Well-drained soil,,,All districts,Well irrigation,Ensure proper nutrient management and pest control,,,,,,,,,,,,,,,,,,,,,,,,
Amla (Indian Gooseberry),Throughout the year,October-November,Manual,Harvest when fruits are mature and slightly soft,,Perennial,Well-drained soil,,,"Dharmapuri, Krishnagiri, Salem","Rainfed, Well irrigation",Prune regularly and provide adequate nutrient management,,,,,,,,,,,,,,,,,,,,,,,,
Guava,Throughout the year,Throughout the year,Manual,Harvest when fruits are ripe and slightly soft,,Perennial,Well-drained soil,,,All districts,Well irrigation,Prune regularly and provide adequate nutrient management,,,,,,,,,,,,,,,,,,,,,,,,
Sapota,Throughout the year,Throughout the year,Manual,Harvest when fruits are ripe and slightly soft,,Perennial,Well-drained soil,,,All districts,Well irrigation,Provide proper nutrient management and pest control,,,,,,,,,,,,,,,,,,,,,,,,
Custard Apple,Throughout the year,August-September,Manual,Harvest when fruits are mature and slightly soft,,Perennial,Well-drained soil,,,All districts,"Rainfed, Well irrigation",Provide proper nutrient management and pest control,,,,,,,,,,,,,,,,,,,,,,,,
Sweet Potato,June-July,October-November,Manual,Harvest when tubers are mature,,120-150,Sandy loam,,,All districts,Well irrigation,Ensure proper spacing and weed management,,,,,,,,,,,,,,,,,,,,,,,,
Colocasia (Taro),June-July,October-November,Manual,Harvest when tubers are mature,,180-210,Clay loam,,,Coastal districts,Well irrigation,Ensure proper water management and nutrient supply,,,,,,,,,,,,,,,,,,,,,,,,
Rice,December - January,April - May,Manual,Cut the paddy using a sickle at 80-85% maturity,,,,,,,,,"Kanchipuram, Vellore, Tiruvannamalai",110,Loamy soil,Well irrigation,Apply recommended dose of fertilizers,,,,,,,,,,,,,,,,,,,
Sugarcane,January - February,December - January (Next Year),Manual/Mechanical,Cut the cane close to the ground,,,,,,,,,"Erode, Karur, Namakkal",365,Clay loam,Furrow Irrigation,Ensure proper drainage,,,,,,,,,,,,,,,,,,,
Cotton,June - July,December - January,Manual,Pick the cotton bolls when they are fully open,,,,,,,,,"Coimbatore, Tirupur, Salem",180,Black soil,Drip Irrigation,Control pests and diseases effectively,,,,,,,,,,,,,,,,,,,
Groundnut,June - July,October - November,Manual/Mechanical,Lift the plants and dry the pods in the sun,,,,,,,,,"Villupuram, Cuddalore, Tiruvannamalai",120,Sandy loam,Well irrigation,Apply gypsum at the time of sowing,,,,,,,,,,,,,,,,,,,
Pulses (Black Gram),September - October,December - January,Manual,Harvest when the pods turn black,,,,,,,,,"Thanjavur, Trichy, Pudukkottai",90,Loamy soil,Rainfed/Supplemental Irrigation,Use certified seeds for higher yields,,,,,,,,,,,,,,,,,,,
Pulses (Green Gram),September - October,December - January,Manual,Harvest when the pods turn yellow,,,,,,,,,"Madurai, Dindigul, Theni",75,Sandy loam,Rainfed/Supplemental Irrigation,Control pod borers effectively,,,,,,,,,,,,,,,,,,,
Maize,June - July,October - November,Manual/Mechanical,Harvest when the husks turn brown,,,,,,,,,"Perambalur, Ariyalur, Salem",100,Loamy soil,Well irrigation,Apply zinc sulphate for better growth,,,,,,,,,,,,,,,,,,,
Millets (Sorghum),June - July,October - November,Manual,Cut the panicles when the grains are mature,,,,,,,,,"Coimbatore, Tirupur, Erode",120,Red soil,Rainfed/Supplemental Irrigation,Use drought-resistant varieties,,,,,,,,,,,,,,,,,,,
Millets (Pearl Millet),June - July,October - November,Manual,Cut the panicles when the grains are mature,,,,,,,,,"Tirunelveli, Thoothukudi, Ramanathapuram",90,Sandy soil,Rainfed/Supplemental Irrigation,Apply farmyard manure before sowing,,,,,,,,,,,,,,,,,,,
Turmeric,April - May,January - February (Next Year),Manual,Dig up the rhizomes after the leaves dry,,,,,,,,,"Erode, Salem, Dharmapuri",270,Sandy loam,Well irrigation,Provide shade during hot weather,,,,,,,,,,,,,,,,,,,
Banana,Throughout the year,12-15 months after planting,Manual,Cut the bunch with a sharp knife,,,,,,,,,"Trichy, Theni, Tirunelveli",450,Clay loam,Drip Irrigation,Maintain proper spacing and nutrient management,,,,,,,,,,,,,,,,,,,
Coconut,Throughout the year,Throughout the year (Continuous Harvesting),Manual,Climb the tree and pluck the mature coconuts,,,,,,,,,"Thanjavur, Kanyakumari, Coimbatore",Perennial,Sandy loam,Well irrigation,Apply fertilizers regularly,,,,,,,,,,,,,,,,,,,
Cashew,Throughout the year,February - May,Manual,Collect the nuts that have fallen to the ground,,,,,,,,,"Cuddalore, Pudukkottai, Sivaganga",Perennial,Laterite soil,Rainfed,Protect trees from pests and diseases,,,,,,,,,,,,,,,,,,,
Mango,December - January (Flowering),May - June,Manual,Harvest the fruits when they are mature and slightly soft,,,,,,,,,"Krishnagiri, Dharmapuri, Salem",Perennial,Loamy soil,Well irrigation,Prune the trees regularly,,,,,,,,,,,,,,,,,,,
Tapioca,June - July,February - March (Next Year),Manual,Dig up the tubers after the leaves turn yellow,,,,,,,,,"Salem, Namakkal, Dharmapuri",300,Sandy loam,Well irrigation,Apply potash for better tuber development,,,,,,,,,,,,,,,,,,,
Tomato,June - July,September - October,Manual,Pick the fruits when they are fully ripe,,,,,,,,,"Dindigul, Krishnagiri, Coimbatore",90,Sandy loam,Drip Irrigation,Provide staking support to the plants,,,,,,,,,,,,,,,,,,,
Onion,September - October,January - February,Manual,Pull out the bulbs when the tops start to fall over,,,,,,,,,"Perambalur, Trichy, Dindigul",120,Sandy loam,Well irrigation,Control thrips and other pests,,,,,,,,,,,,,,,,,,,
Brinjal,June - July,September - October,Manual,Pick the fruits when they are glossy and tender,,,,,,,,,"Vellore, Tiruvannamalai, Krishnagiri",120,Loamy soil,Well irrigation,Apply neem oil for pest control,,,,,,,,,,,,,,,,,,,
Chilli,June - July,September - October,Manual,Pick the fruits when they turn red,,,,,,,,,"Ramanathapuram, Sivaganga, Virudhunagar",180,Sandy loam,Drip Irrigation,Provide proper drainage to prevent root rot,,,,,,,,,,,,,,,,,,,
Gingelly (Sesame),June - July,September - October,Manual,Cut the plants when the capsules turn yellow,,,,,,,,,"Villupuram, Cuddalore, Ariyalur",90,Sandy loam,Rainfed/Supplemental Irrigation,Use certified seeds for better germination,,,,,,,,,,,,,,,,,,,
Sunflower,June - July,September - October,Manual,Cut the heads when the back turns yellow,,,,,,,,,"Erode, Coimbatore, Tirupur",90,Black soil,Well irrigation,Protect the heads from birds,,,,,,,,,,,,,,,,,,,
Sweet Potato,June - July,November - December,Manual,Dig up the tubers when the vines start to dry,,,,,,,,,"Thanjavur, Trichy, Perambalur",150,Sandy loam,Well irrigation,Apply fertilizers based on soil test results,,,,,,,,,,,,,,,,,,,
Casuarina,Throughout the year,After 4-7 years,Manual,Cut the trees at the base,,,,,,,,,Coastal Districts,Perennial,Sandy soil,Rainfed,Plant seedlings at proper spacing,,,,,,,,,,,,,,,,,,,
Rubber,Throughout the year,Tapping starts after 5-7 years,Manual,Tap the trees to collect latex,,,,,,,,,"Kanyakumari, Tirunelveli",Perennial,Laterite soil,Rainfed,Maintain proper tapping techniques,,,,,,,,,,,,,,,,,,,
Tea,Throughout the year,Continuous harvesting,Manual,Pluck the tender leaves,,,,,,,,,"Nilgiris, Coimbatore",Perennial,Acidic soil,Rainfed,Prune the bushes regularly,,,,,,,,,,,,,,,,,,,
Coffee,Throughout the year,October - January,Manual,Pick the ripe berries,,,,,,,,,"Dindigul, Theni, Salem",Perennial,Laterite soil,Rainfed,Provide shade to the plants,,,,,,,,,,,,,,,,,,,
Cardamom,June - July,October - December,Manual,Pick the capsules when they are mature,,,,,,,,,"Theni, Tirunelveli",Perennial,Loamy soil,Rainfed,Provide shade and proper drainage,,,,,,,,,,,,,,,,,,,
Pepper,June - July,February - March,Manual,Pick the berries when they turn red,,,,,,,,,"Theni, Tirunelveli",Perennial,Loamy soil,Rainfed,Train the vines on supports,,,,,,,,,,,,,,,,,,,
Clove,June - July,October - December,Manual,Pick the flower buds when they turn pink,,,,,,,,,"Tirunelveli, Kanyakumari",Perennial,Loamy soil,Rainfed,Provide shade and proper drainage,,,,,,,,,,,,,,,,,,,
Nutmeg,June - July,October - December,Manual,Harvest the fruits and separate the mace and nutmeg,,,,,,,,,"Tirunelveli, Kanyakumari",Perennial,Loamy soil,Rainfed,Provide shade and proper drainage,,,,,,,,,,,,,,,,,,,
Oil Palm,Throughout the year,3-4 years after planting,Manual,Harvest the bunches of fruits,,,,,,,,,"Thanjavur, Trichy, Pudukkottai",Perennial,Clay loam,Well Irrigation,Maintain proper pruning and fertilization,,,,,,,,,,,,,,,,,,,
Rose,Throughout the year,Continuous harvesting,Manual,Cut the stems at the base with sharp secateurs,,,,,,,,,"Dindigul, Krishnagiri, Coimbatore",Perennial,Loamy soil,Drip Irrigation,Prune the bushes regularly and apply fertilizers,,,,,,,,,,,,,,,,,,,
Jasmine,Throughout the year,Continuous harvesting,Manual,Pick the flowers in the early morning,,,,,,,,,"Madurai, Dindigul, Theni",Perennial,Loamy soil,Well Irrigation,Provide support and prune the bushes regularly,,,,,,,,,,,,,,,,,,,
Marigold,Throughout the year,60-70 days after sowing,Manual,Cut the flowers at the base of the stem,,,,,,,,,"Coimbatore, Erode, Salem",Annual,Sandy loam,Well Irrigation,Pinch off the side shoots for larger flowers,,,,,,,,,,,,,,,,,,,
Chrysanthemum,Throughout the year,Continuous harvesting,Manual,Cut the flowers at the base of the stem,,,,,,,,,"Dindigul, Krishnagiri, Coimbatore",Perennial,Loamy soil,Drip Irrigation,Provide support and disbud for larger flowers,,,,,,,,,,,,,,,,,,,
Crossandra,Throughout the year,Continuous harvesting,Manual,Pick the flowers when they are fully open,,,,,,,,,"Madurai, Tirunelveli, Thoothukudi",Perennial,Loamy soil,Well Irrigation,Prune the bushes regularly,,,,,,,,,,,,,,,,,,,
Bacterial blight resistant Rice,June - July,November - December,Manual,Cut the paddy using a sickle at 80-85% maturity,,,,,,,,,"Thanjavur, Trichy, Nagapattinam",120,Clay loam,Canal Irrigation,Use disease resistant varieties and proper spacing,,,,,,,,,,,,,,,,,,,
Drought resistant Groundnut,June - July,October - November,Manual/Mechanical,Lift the plants and dry the pods in the sun,,,,,,,,,"Villupuram, Cuddalore, Tiruvannamalai",120,Sandy loam,Rainfed/Supplemental Irrigation,Apply gypsum at the time of sowing and choose appropriate varieties,,,,,,,,,,,,,,,,,,,
High Yielding Maize Hybrids,June - July,October - November,Manual/Mechanical,Harvest when the husks turn brown,,,,,,,,,"Perambalur, Ariyalur, Salem",100,Loamy soil,Well irrigation,Apply zinc sulphate for better growth and use high yield hybrids,,,,,,,,,,,,,,,,,,,
Improved Varieties of Black Gram,September - October,December - January,Manual,Harvest when the pods turn black,,,,,,,,,"Thanjavur, Trichy, Pudukkottai",90,Loamy soil,Rainfed/Supplemental Irrigation,Use certified seeds for higher yields and disease resistance,,,,,,,,,,,,,,,,,,,
Vegetable Cowpea,June - July,September - October,Manual,Pick the pods when they are tender,,,,,,,,,All Districts,75,Sandy Loam,Well Irrigation,Provide support for climbing varieties,,,,,,,,,,,,,,,,,,,
Cluster Bean,June - July,September - October,Manual,Pick the pods when they are tender and green,,,,,,,,,All Districts,90,Sandy Loam,Well Irrigation,Provide support if needed,,,,,,,,,,,,,,,,,,,
Ash Gourd,June - July,November - December,Manual,Harvest when the fruit is mature and the skin is hard,,,,,,,,,All Districts,150,Sandy Loam,Well Irrigation,Provide support for climbing varieties,,,,,,,,,,,,,,,,,,,
Snake Gourd,June - July,October - November,Manual,Harvest when the fruit is long and green,,,,,,,,,All Districts,120,Sandy Loam,Well Irrigation,Provide support for climbing varieties,,,,,,,,,,,,,,,,,,,
Bitter Gourd,June - July,October - November,Manual,Harvest when the fruit is mature and the skin is warty,,,,,,,,,All Districts,90,Sandy Loam,Well Irrigation,Provide support for climbing varieties,,,,,,,,,,,,,,,,,,,
Ridge Gourd,June - July,October - November,Manual,Harvest when the fruit is mature and the skin is ridged,,,,,,,,,All Districts,90,Sandy Loam,Well Irrigation,Provide support for climbing varieties,,,,,,,,,,,,,,,,,,,
,,,,,,,,,,,,,,,,,,Rice,June - July,November - December,Manual,Cut the paddy using a sickle at 80-85% maturity,"Thanjavur, Trichy",120,Clay loam,Canal Irrigation,Use high-yield varieties and proper spacing,,,,,,,,,
,,,,,,,,,,,,,,,,,,Rice,January - February,May - June,Manual,Cut the paddy using a sickle at 80-85% maturity,"Kancheepuram, Vellore",110,Loamy soil,Well Irrigation,Apply recommended dose of fertilizers,,,,,,,,,
,,,,,,,,,,,,,,,,,,Rice,September - October,February - March,Machine,Combine harvester,"Madurai, Sivaganga",135,Alluvial soil,Tank Irrigation,Manage pests and diseases effectively,,,,,,,,,
,,,,,,,,,,,,,,,,,,Sugarcane,January - March,January - March (next year),Manual,Cut at the base of the stalk when sucrose content is high,"Erode, Namakkal",365,Loamy soil,Furrow Irrigation,Use setts from healthy plants,,,,,,,,,
,,,,,,,,,,,,,,,,,,Sugarcane,July - August,July - August (next year),Manual,Cut at the base of the stalk when sucrose content is high,"Villupuram, Cuddalore",365,Clay loam,Drip Irrigation,Apply potash to increase sugar content,,,,,,,,,
,,,,,,,,,,,,,,,,,,Groundnut,June - July,September - October,Manual,Pull out the plants and dry in the sun,"Villupuram, Tiruvannamalai",120,Sandy loam,Well Irrigation,Apply gypsum for better pod development,,,,,,,,,
,,,,,,,,,,,,,,,,,,Groundnut,January - February,April - May,Manual,Pull out the plants and dry in the sun,"Salem, Dharmapuri",110,Red soil,Rainfed,Control leaf spot disease,,,,,,,,,
,,,,,,,,,,,,,,,,,,Cotton,June - July,November - December,Manual,Pick the cotton bolls when fully opened,"Coimbatore, Tirupur",180,Black soil,Well Irrigation,Spray insecticides to control bollworms,,,,,,,,,
,,,,,,,,,,,,,,,,,,Cotton,January - February,June - July,Manual,Pick the cotton bolls when fully opened,"Virudhunagar, Ramanathapuram",160,Loamy soil,Drip Irrigation,Apply micronutrients for improved yield,,,,,,,,,
,,,,,,,,,,,,,,,,,,Maize,June - July,September - October,Manual,Harvest when kernels are mature and dry,"Perambalur, Ariyalur",90,Sandy loam,Well Irrigation,Ensure proper drainage,,,,,,,,,
,,,,,,,,,,,,,,,,,,Maize,January - February,April - May,Manual,Harvest when kernels are mature and dry,"Dindigul, Theni",100,Red soil,Rainfed,Control stem borer,,,,,,,,,
,,,,,,,,,,,,,,,,,,Black Gram,June - July,September - October,Manual,Cut the plants when pods are dry,"Thanjavur, Trichy",70,Sandy loam,Well Irrigation,Inoculate seeds with Rhizobium,,,,,,,,,
,,,,,,,,,,,,,,,,,,Black Gram,January - February,April - May,Manual,Cut the plants when pods are dry,"Tirunelveli, Tuticorin",75,Black soil,Rainfed,Control yellow mosaic virus,,,,,,,,,
,,,,,,,,,,,,,,,,,,Green Gram,June - July,September - October,Manual,Cut the plants when pods are dry,"Salem, Dharmapuri",60,Sandy loam,Well Irrigation,Provide staking for better growth,,,,,,,,,
,,,,,,,,,,,,,,,,,,Green Gram,January - February,April - May,Manual,Cut the plants when pods are dry,"Madurai, Sivaganga",65,Red soil,Rainfed,Control powdery mildew,,,,,,,,,
,,,,,,,,,,,,,,,,,,Cholam (Sorghum),June - July,October - November,Manual,Cut the panicles when grains are mature,"Coimbatore, Tirupur",110,Black soil,Rainfed,Plant in ridges and furrows,,,,,,,,,
,,,,,,,,,,,,,,,,,,Cholam (Sorghum),January - February,May - June,Manual,Cut the panicles when grains are mature,"Virudhunagar, Ramanathapuram",100,Loamy soil,Well Irrigation,Control shoot fly,,,,,,,,,
,,,,,,,,,,,,,,,,,,Cumbu (Pearl Millet),June - July,September - October,Manual,Cut the earheads when grains are mature,"Tiruvannamalai, Vellore",80,Sandy soil,Rainfed,Thin the seedlings to maintain plant density,,,,,,,,,
,,,,,,,,,,,,,,,,,,Cumbu (Pearl Millet),January - February,April - May,Manual,Cut the earheads when grains are mature,"Dindigul, Theni",75,Red soil,Well Irrigation,Control downy mildew,,,,,,,,,
,,,,,,,,,,,,,,,,,,Turmeric,April - May,January - February (next year),Manual,Dig out the rhizomes when leaves turn yellow,"Erode, Salem",270,Sandy loam,Irrigation,Provide shade during initial stages,,,,,,,,,
,,,,,,,,,,,,,,,,,,Banana,June - July,June - July (next year),Manual,Cut the bunch when fruits are fully developed,"Trichy, Theni",365,Clay loam,Drip Irrigation,Provide propping to prevent lodging,,,,,,,,,
,,,,,,,,,,,,,,,,,,Coconut,Throughout the year,Throughout the year,Manual,Harvest mature nuts every 45-60 days,"Coimbatore, Tanjore",365,Sandy Loam,Irrigation,Apply fertilizers regularly for better yield,,,,,,,,,
,,,,,,,,,,,,,,,,,,Cashew,July-August,February-March,Manual,Harvest when nuts fall naturally,"Cuddalore, Pudukottai",240,Laterite soil,Rainfed,Control Tea Mosquito Bug,,,,,,,,,
,,,,,,,,,,,,,,,,,,Mango,December-January,May-June,Manual,Harvest based on fruit maturity indices,"Krishnagiri, Dharmapuri",150,Red Loamy soil,Irrigation,Regular pruning and nutrient management,,,,,,,,,
,,,,,,,,,,,,,,,,,,Onion,September-October,January-February,Manual,Harvest when leaves start to dry,"Perambalur, Dindigul",120,Sandy Loam,Irrigation,Proper spacing and weed control,,,,,,,,,
,,,,,,,,,,,,,,,,,,Tomato,July-August,October-November,Manual,Harvest when fruits turn red,"Krishnagiri, Madurai",90,Sandy Loam,Irrigation,Support with stakes to prevent fruit rot,,,,,,,,,
,,,,,,,,,,,,,,,,,,Brinjal,Throughout the year,Throughout the year,Manual,Harvest when fruits are tender,"Salem, Vellore",120,Sandy Loam,Irrigation,Regular pest and disease management,,,,,,,,,
,,,,,,,,,,,,,,,,,,Lady's Finger,March-April,June-July,Manual,Harvest young pods every 2-3 days,"Coimbatore, Perambalur",60,Sandy Loam,Irrigation,Harvest at right maturity stage,,,,,,,,,
,,,,,,,,,,,,,,,,,,Chilli,July-August,October-November,Manual,Harvest red ripe fruits,"Ramanathapuram, Sivagangai",150,Sandy Loam,Irrigation,Manage pest and disease effectively,,,,,,,,,
,,,,,,,,,,,,,,,,,,Tapioca,April-May,February-March (next year),Manual,Harvest tubers when mature,"Salem, Namakkal",300,Sandy Loam,Irrigation,Apply potassium for tuber development,,,,,,,,,
,,,,,,,,,,,,,,,,,,Sunflower,January-February,April-May,Manual,Harvest when back of the head turns yellow,"Perambalur, Ariyalur",90,Sandy Loam,Irrigation,Protect from bird damage,,,,,,,,,
,,,,,,,,,,,,,,,,,,Sesame,June-July,September-October,Manual,Harvest when capsules turn yellow,"Thanjavur, Nagapattinam",90,Sandy Loam,Rainfed,Ensure proper drainage,,,,,,,,,
,,,,,,,,,,,,,,,,,,Pulses (Red Gram),June-July,December-January,Manual,Harvest when pods are dry,"Salem, Dharmapuri",180,Red Soil,Rainfed,Control pod borer,,,,,,,,,
,,,,,,,,,,,,,,,,,,Pulses (Cowpea),June-July,September-October,Manual,Harvest when pods are dry,"Tirunelveli, Thoothukudi",90,Sandy Loam,Rainfed,Manage aphids and thrips,,,,,,,,,
,,,,,,,,,,,,,,,,,,Coffee,April-May,November-December,Manual,Handpick ripe cherries,"Dindigul, Theni",240,Lateritic Soil,Rainfed,Regular pruning and shade management,,,,,,,,,
,,,,,,,,,,,,,,,,,,Tea,Throughout the year,Throughout the year,Manual,Pluck two leaves and a bud,"Nilgiris, Coimbatore",365,Acidic Soil,Rainfed,Regular pruning and fertilizer application,,,,,,,,,
,,,,,,,,,,,,,,,,,,Rubber,Throughout the year,Throughout the year,Manual,Tapping by skilled labor,Kanyakumari,365,Laterite Soil,Rainfed,Regular application of fertilizer,,,,,,,,,
,,,,,,,,,,,,,,,,,,Cardamom,June-July,November-December,Manual,Harvest when capsules mature,"Theni, Dindigul",240,Loamy Soil,Rainfed,Maintain optimum shade,,,,,,,,,
,,,,,,,,,,,,,,,,,,Pepper,June-July,January-February,Manual,Harvest spikes when berries turn red,"Theni, Dindigul",365,Loamy Soil,Rainfed,Provide support and training,,,,,,,,,
,,,,,,,,,,,,,,,,,,Betel Vine,Throughout the year,Throughout the year,Manual,Harvest tender leaves,"Tiruchirappalli, Thanjavur",365,Clay Loam Soil,Irrigation,Provide shade and support,,,,,,,,,
,,,,,,,,,,,,,,,,,,Jasmine,Throughout the year,Throughout the year,Manual,Handpick flowers early in the morning,"Madurai, Dindigul",365,Sandy Loam Soil,Irrigation,Regular pruning and fertilization,,,,,,,,,
,,,,,,,,,,,,,,,,,,Rose,Throughout the year,Throughout the year,Manual,Cut stems with buds at the right stage,"Nilgiris, Coimbatore",365,Loamy Soil,Irrigation,Regular pruning and disease management,,,,,,,,,
,,,,,,,,,,,,,,,,,,Chrysanthemum,June-July,October-November,Manual,Cut flowers at the right stage,"Dindigul, Krishnagiri",120,Sandy Loam Soil,Irrigation,Pinch back shoots for better branching,,,,,,,,,
,,,,,,,,,,,,,,,,,,Marigold,June-July,September-October,Manual,Cut flowers at the right stage,"Dindigul, Krishnagiri",90,Sandy Loam Soil,Irrigation,Deadhead spent flowers to promote continuous bloom,,,,,,,,,
,,,,,,,,,,,,,,,,,,Watermelon,January-February,April-May,Manual,Harvest based on rind color and sound,"Ariyalur, Perambalur",90,Sandy Loam,Irrigation,Control fruit fly,,,,,,,,,
,,,,,,,,,,,,,,,,,,Muskmelon,January-February,April-May,Manual,Harvest when stem slips easily,"Ariyalur, Perambalur",90,Sandy Loam,Irrigation,Ensure proper pollination,,,,,,,,,
,,,,,,,,,,,,,,,,,,Cluster Beans,June-July,September-October,Manual,Harvest tender pods,"Thanjavur, Nagapattinam",75,Sandy Loam,Rainfed,Control pod borer,,,,,,,,,
,,,,,,,,,,,,,,,,,,Amaranthus,Throughout the year,Throughout the year,Manual,Harvest leaves when young,Throughout Tamil Nadu,45,Sandy Loam,Irrigation,Regular watering and fertilization,,,,,,,,,
,,,,,,,,,,,,,,,,,,Drumstick,Throughout the year,Throughout the year,Manual,Harvest tender pods,Throughout Tamil Nadu,365,Sandy Loam,Irrigation,Regular pruning and fertilization,,,,,,,,,
Rice,December - January,April - May,Manual,Cut the paddy using a sickle at 80-85% maturity,,,,,,,,,"Kanchipuram, Tiruvallur, Vellore",135,Clay loam,Tank Irrigation,Apply fertilizers based on soil test recommendations,,,,,,,,,,,,,,,,,,,
Sugarcane,January - February,December - January (Next Year),Manual/Mechanical,Harvest when cane is mature and Brix level is high,,,,,,,,,"Erode, Karur, Namakkal",365,Loamy soil,Drip Irrigation,Maintain proper drainage and ratooning,,,,,,,,,,,,,,,,,,,
Cotton,June - July,December - January,Manual,Pick cotton when bolls are fully opened,,,,,,,,,"Coimbatore, Tiruppur, Madurai",180,Black soil,Well Irrigation,Control pests and diseases effectively,,,,,,,,,,,,,,,,,,,
Groundnut,June - July,October - November,Manual/Mechanical,Harvest when pods are mature and shells are hardened,,,,,,,,,"Villupuram, Tiruvannamalai, Cuddalore",120,Sandy loam,Well Irrigation,Apply gypsum at flowering stage,,,,,,,,,,,,,,,,,,,
Maize,June - July,October - November,Manual/Mechanical,Harvest when kernels are hard and moisture content is low,,,,,,,,,"Dindigul, Theni, Salem",100,Sandy loam,Well Irrigation,Select drought-tolerant varieties,,,,,,,,,,,,,,,,,,,
Pulses (Black Gram),September - October,December - January,Manual,Harvest when pods are dry and seeds are mature,,,,,,,,,"Thoothukudi, Tirunelveli, Ramanathapuram",75,Loamy soil,Rainfed/Supplemental Irrigation,Provide support for climbing types,,,,,,,,,,,,,,,,,,,
Pulses (Green Gram),March - April,June - July,Manual,Harvest when pods are dry and seeds are mature,,,,,,,,,"Ariyalur, Perambalur, Pudukkottai",60,Loamy soil,Rainfed/Supplemental Irrigation,Control pod borers effectively,,,,,,,,,,,,,,,,,,,
Sunflower,January - February,April - May,Manual,Harvest when flower heads turn brown and seeds are mature,,,,,,,,,"Vellore, Tiruvannamalai, Krishnagiri",90,Sandy loam,Well Irrigation,Protect from bird damage,,,,,,,,,,,,,,,,,,,
Banana,Throughout the year,12-15 months after planting,Manual,Cut the bunch when fingers are full and rounded,,,,,,,,,"Trichy, Theni, Tirunelveli",450,Loamy soil,Drip Irrigation,Provide propping to prevent lodging,,,,,,,,,,,,,,,,,,,
Mango,February - March,May - June,Manual,Harvest when fruits are mature and have developed color,,,,,,,,,"Krishnagiri, Dharmapuri, Salem",120,Loamy soil,Irrigation during flowering and fruiting,Control fruit fly effectively,,,,,,,,,,,,,,,,,,,
Cashew,Throughout the year,February - May,Manual,Harvest when nuts fall from the tree,,,,,,,,,"Cuddalore, Villupuram, Pudukkottai",365,Sandy loam,Rainfed/Supplemental Irrigation,Protect from tea mosquito bug,,,,,,,,,,,,,,,,,,,
Tapioca,Throughout the year,8-10 months after planting,Manual,Harvest when tubers are mature and starch content is high,,,,,,,,,"Salem, Namakkal, Dharmapuri",300,Sandy loam,Well Irrigation,Apply potash fertilizers adequately,,,,,,,,,,,,,,,,,,,
Turmeric,April - May,January - February (Next Year),Manual,Harvest when leaves turn yellow and dry,,,,,,,,,"Erode, Salem, Karur",270,Loamy soil,Well Irrigation,Provide partial shade to prevent sunburn,,,,,,,,,,,,,,,,,,,
Onion,July - August,November - December,Manual,Harvest when tops fall over and bulbs are mature,,,,,,,,,"Perambalur, Tiruchirappalli, Dindigul",120,Sandy loam,Well Irrigation,Control thrips effectively,,,,,,,,,,,,,,,,,,,
Tomato,Throughout the year,60-75 days after transplanting,Manual,Harvest when fruits are ripe and have developed color,,,,,,,,,"Dindigul, Krishnagiri, Dharmapuri",75,Sandy loam,Drip Irrigation,Provide staking for support,,,,,,,,,,,,,,,,,,,
Brinjal,Throughout the year,60-90 days after transplanting,Manual,Harvest when fruits are tender and glossy,,,,,,,,,"Vellore, Tiruvannamalai, Krishnagiri",90,Loamy soil,Drip Irrigation,Control shoot and fruit borer effectively,,,,,,,,,,,,,,,,,,,
Chilli,Throughout the year,75-90 days after transplanting,Manual,Harvest when fruits are ripe and have developed color,,,,,,,,,"Ramanathapuram, Sivaganga, Virudhunagar",90,Sandy loam,Drip Irrigation,Control thrips and mites effectively,,,,,,,,,,,,,,,,,,,
Jasmine,Throughout the year,Throughout the year,Manual,Pick flowers in the early morning when buds are opening,,,,,,,,,"Madurai, Dindigul, Theni",365,Loamy soil,Drip Irrigation,Provide regular pruning and fertilization,,,,,,,,,,,,,,,,,,,
Rose,Throughout the year,Throughout the year,Manual,Cut stems when buds are about to open,,,,,,,,,"Hosur, Dindigul, Nilgiris",365,Loamy soil,Drip Irrigation,Control black spot disease effectively,,,,,,,,,,,,,,,,,,,
Cardamom,June - July,October - November,Manual,Harvest when capsules are mature and have developed color,,,,,,,,,"Theni, Dindigul, Tirunelveli",150,Forest Loam,Rainfed,Provide shade and good drainage,,,,,,,,,,,,,,,,,,,
Tea,Throughout the year,Throughout the year,Manual,Pluck two leaves and a bud at regular intervals,,,,,,,,,"Nilgiris, Coimbatore",365,Loamy soil,Rainfed,Provide regular pruning and fertilization,,,,,,,,,,,,,,,,,,,
Coffee,June - July,November - January,Manual,Harvest when berries are ripe and red,,,,,,,,,"Dindigul, Theni, Nilgiris",240,Loamy soil,Rainfed/Supplemental Irrigation,Provide shade and proper pruning,,,,,,,,,,,,,,,,,,,
Coconut,Throughout the year,Throughout the year,Manual,Harvest when nuts are mature and have water,,,,,,,,,"Thanjavur, Coimbatore, Kanyakumari",365,Sandy loam,Well Irrigation,Provide proper nutrition and pest management,,,,,,,,,,,,,,,,,,,
Rubber,Throughout the year,Throughout the year,Manual,Tap the trees regularly for latex collection,,,,,,,,,Kanyakumari,365,Laterite Soil,Rainfed,Manage diseases effectively,,,,,,,,,,,,,,,,,,,
Arecanut,Throughout the year,Throughout the year,Manual,Harvest when nuts are mature and have turned yellow,,,,,,,,,Coimbatore,365,Loamy Soil,Well Irrigation,Provide shade and protect from diseases,,,,,,,,,,,,,,,,,,,
Sorghum,June-July,September-October,Manual/Mechanical,Harvest when grain is mature and dry,,,,,,,,,"Coimbatore, Tiruppur, Erode",100,Sandy Loam,Rainfed/Supplemental Irrigation,Choose drought resistant varieties,,,,,,,,,,,,,,,,,,,
Pearl Millet,June-July,September-October,Manual,Harvest when grain is mature and dry,,,,,,,,,"Ramanathapuram, Thoothukudi, Tirunelveli",90,Sandy Soil,Rainfed,Use appropriate fertilizer doses,,,,,,,,,,,,,,,,,,,
Sesamum,June-July,September-October,Manual,Harvest when capsules turn yellow,,,,,,,,,"Villupuram, Cuddalore, Nagapattinam",90,Sandy Loam,Rainfed,Ensure proper drainage,,,,,,,,,,,,,,,,,,,
Castor,June-July,December-January,Manual,Harvest when capsules are dry,,,,,,,,,"Salem, Dharmapuri, Krishnagiri",180,Sandy Loam,Rainfed,Control pests like castor semilooper,,,,,,,,,,,,,,,,,,,
Coriander,October-November,January-February,Manual,Harvest when seeds are mature,,,,,,,,,"Theni, Madurai, Dindigul",90,Loamy Soil,Rainfed/Supplemental Irrigation,Avoid waterlogging,,,,,,,,,,,,,,,,,,,
Fenugreek,October-November,January-February,Manual,Harvest when pods are dry,,,,,,,,,"Theni, Madurai, Dindigul",90,Loamy Soil,Rainfed/Supplemental Irrigation,Harvest at the right stage for quality seeds,,,,,,,,,,,,,,,,,,,
Cluster Bean,June-July,September-October,Manual,Harvest when pods are tender,,,,,,,,,"Coimbatore, Tiruppur, Erode",90,Sandy Loam,Rainfed/Supplemental Irrigation,Apply proper nutrients for good yield,,,,,,,,,,,,,,,,,,,
Lablab Bean,June-July,September-October,Manual,Harvest when pods are tender,,,,,,,,,"Coimbatore, Tiruppur, Erode",90,Sandy Loam,Rainfed/Supplemental Irrigation,Provide support for climbing types,,,,,,,,,,,,,,,,,,,
Drumstick,Throughout the year,Throughout the year,Manual,Harvest when pods are tender,,,,,,,,,"Dindigul, Karur, Trichy",365,Sandy Loam,Rainfed/Supplemental Irrigation,Prune regularly for better yields,,,,,,,,,,,,,,,,,,,
Curry Leaf,Throughout the year,Throughout the year,Manual,Harvest leaves regularly,,,,,,,,,"Dindigul, Karur, Trichy",365,Loamy Soil,Rainfed/Supplemental Irrigation,Provide proper nutrients and pest management,,,,,,,,,,,,,,,,,,,
Betel Vine,Throughout the year,Throughout the year,Manual,Harvest leaves regularly,,,,,,,,,"Theni, Dindigul, Madurai",365,Loamy Soil,Well Irrigation,Provide shade and proper support,,,,,,,,,,,,,,,,,,,
Chrysanthemum,Throughout the year,Throughout the year,Manual,Cut stems when flowers are fully open,,,,,,,,,"Dindigul, Nilgiris, Madurai",365,Loamy Soil,Drip Irrigation,Provide regular pruning and fertilization,,,,,,,,,,,,,,,,,,,
Marigold,Throughout the year,Throughout the year,Manual,Harvest flowers regularly,,,,,,,,,"Dindigul, Nilgiris, Madurai",365,Loamy Soil,Drip Irrigation,Pinch back seedlings for bushy growth,,,,,,,,,,,,,,,,,,,
Gladiolus,September-October,January-February,Manual,Cut spikes when the first floret opens,,,,,,,,,"Nilgiris, Dindigul",120,Loamy Soil,Drip Irrigation,Provide support to spikes,,,,,,,,,,,,,,,,,,,
Tuberose,September-October,January-February,Manual,Harvest flowers at bud stage,,,,,,,,,"Dindigul, Madurai",365,Loamy Soil,Drip Irrigation,Provide good drainage and sunlight,,,,,,,,,,,,,,,,,,,
Paddy Straw Mushroom,Throughout the year,20-30 days after spawning,Manual,Harvest mushrooms before they fully open,,,,,,,,,"Coimbatore, Madurai",30,Composted Paddy Straw,Sprinkler/Manual Spray,Maintain proper temperature and humidity,,,,,,,,,,,,,,,,,,,
Oyster Mushroom,Throughout the year,20-30 days after spawning,Manual,Harvest mushrooms before they fully open,,,,,,,,,"Coimbatore, Madurai",30,Paddy Straw/Sawdust,Sprinkler/Manual Spray,Maintain proper temperature and humidity,,,,,,,,,,,,,,,,,,,
Button Mushroom,September-March,20-30 days after spawning,Manual,Harvest mushrooms before they fully open,,,,,,,,,Nilgiris,30,Composted Wheat Straw,Sprinkler/Manual Spray,Maintain proper temperature and humidity,,,,,,,,,,,,,,,,,,,
Silk Cotton,June-July,November-December,Manual,Harvest when pods are fully opened,,,,,,,,,"Virudhunagar, Tirunelveli",180,Sandy Loam,Rainfed,Ensure proper spacing for good yield,,,,,,,,,,,,,,,,,,,
Amla,Throughout the year,October-November,Manual,Harvest when fruits are mature and yellowish-green,,,,,,,,,"Dharmapuri, Krishnagiri",365,Loamy Soil,Rainfed/Supplemental Irrigation,Prune regularly for better yields,,,,,,,,,,,,,,,,,,,
Guava,Throughout the year,Throughout the year,Manual,Harvest when fruits are mature and slightly soft,,,,,,,,,"Dindigul, Trichy",365,Loamy Soil,Well Irrigation,Prune regularly for better yields,,,,,,,,,,,,,,,,,,,
Sapota,Throughout the year,Throughout the year,Manual,Harvest when fruits are mature and slightly soft,,,,,,,,,"Dindigul, Trichy",365,Loamy Soil,Well Irrigation,Provide proper nutrients and pest management,,,,,,,,,,,,,,,,,,,
Wood Apple,Throughout the year,Throughout the year,Manual,Harvest when fruits are mature and hard,,,,,,,,,"Pudukkottai, Sivaganga",365,Loamy Soil,Rainfed,Tolerant to drought conditions,,,,,,,,,,,,,,,,,,,
Sweet Potato,June-July,October-November,Manual,Harvest when tubers are mature,,,,,,,,,"Cuddalore, Villupuram",120,Sandy Loam,Rainfed/Supplemental Irrigation,Mound soil around vines for better tuber development,,,,,,,,,,,,,,,,,,,
Rice,January - February,May - June,Manual,Harvest when grains are golden yellow,,,,,,,Well Irrigation,,,,Loamy soil,,,,,,,,,,,,,"Madurai, Dindigul, Theni",120,"Apply recommended fertilizer doses, control pests and diseases",,,,,,
Cotton,April - May,September - October,Manual,Pick cotton when bolls are fully open,,,,,,,"Well Irrigation, Drip Irrigation",,,,Black soil,,,,,,,,,,,,,"Coimbatore, Tiruppur, Erode, Salem",180,"Use Bt cotton varieties, manage whiteflies and bollworms",,,,,,
Groundnut,June - July,October - November,Manual,Uproot plants when pods are mature,,,,,,,Well Irrigation,,,,Sandy loam,,,,,,,,,,,,,"Villupuram, Tiruvannamalai, Vellore, Cuddalore",120,"Apply gypsum to improve pod filling, control leaf spot disease",,,,,,
Sugarcane,February - March,January - February (next year),Manual,Cut canes close to the ground,,,,,,,"Canal Irrigation, Well Irrigation",,,,Loamy soil,,,,,,,,,,,,,"Tiruvallur, Kancheepuram, Vellore, Namakkal",365,"Use setts from healthy plants, apply recommended fertilizer doses",,,,,,
Maize,June - July,October - November,Manual,Harvest when kernels are hard and dry,,,,,,,Well Irrigation,,,,Loamy soil,,,,,,,,,,,,,"Perambalur, Ariyalur, Salem, Dharmapuri",100,"Use hybrid varieties, apply nitrogen fertilizer in split doses",,,,,,
Blackgram,June - July,September - October,Manual,Harvest when pods turn black and dry,,,,,,,Well Irrigation,,,,Sandy loam,,,,,,,,,,,,,"Thoothukudi, Tirunelveli, Virudhunagar, Ramanathapuram",75,"Apply phosphorus fertilizer, control yellow mosaic virus",,,,,,
Greengram,June - July,September - October,Manual,Harvest when pods turn yellow and dry,,,,,,,Well Irrigation,,,,Loamy soil,,,,,,,,,,,,,"Salem, Dharmapuri, Krishnagiri, Namakkal",60,"Apply rhizobium culture to seeds, control pod borers",,,,,,
Redgram,June - July,December - January,Manual,Harvest when pods turn brown and dry,,,,,,,Well Irrigation,,,,Red sandy loam,,,,,,,,,,,,,"Krishnagiri, Dharmapuri, Vellore, Tirupattur",180,"Apply phosphorus fertilizer, control pod borers",,,,,,
Sunflower,February - March,May - June,Manual,Harvest when back of the head turns yellow,,,,,,,Well Irrigation,,,,Black soil,,,,,,,,,,,,,"Erode, Coimbatore, Tiruppur, Karur",90,"Use hybrid varieties, apply boron fertilizer",,,,,,
Banana,Throughout the year,Throughout the year,Manual,Harvest when fruits are full and fingers turn light green,,,,,,,Drip Irrigation,,,,Loamy soil,,,,,,,,,,,,,"Trichy, Theni, Tiruchirappalli, Karur",365,"Provide proper support to plants, control Sigatoka leaf spot",,,,,,
Mango,March - April,June - July,Manual,Harvest when fruits reach maturity stage,,,,,,,Well Irrigation,,,,Red sandy loam,,,,,,,,,,,,,"Krishnagiri, Dharmapuri, Salem, Vellore",150,"Apply plant growth regulators, control fruit fly",,,,,,
Cashew,February - March,May - June,Manual,Harvest when nuts drop naturally,,,,,,,Well Irrigation,,,,Laterite soil,,,,,,,,,,,,,"Cuddalore, Villupuram, Pudukkottai, Sivaganga",240,"Apply fertilizers regularly, control tea mosquito bug",,,,,,
Tapioca,Throughout the year,8-10 months after planting,Manual,Harvest when tubers are fully developed,,,,,,,Well Irrigation,,,,Sandy loam,,,,,,,,,,,,,"Salem, Namakkal, Dharmapuri, Erode",270,"Use healthy planting materials, control cassava mosaic disease",,,,,,
Turmeric,April - May,January - February,Manual,Harvest when leaves turn yellow and dry,,,,,,,Well Irrigation,,,,Loamy soil,,,,,,,,,,,,,"Erode, Salem, Karur, Coimbatore",270,"Use healthy rhizomes for planting, control rhizome rot",,,,,,
Onion,June - July,October - November,Manual,Harvest when tops fall over,,,,,,,Well Irrigation,,,,Loamy soil,,,,,,,,,,,,,"Perambalur, Trichy, Dindigul, Theni",120,"Use healthy seedlings, control thrips",,,,,,
Tomato,Throughout the year,Throughout the year,Manual,Harvest when fruits are fully ripe,,,,,,,Drip Irrigation,,,,Sandy loam,,,,,,,,,,,,,"Dindigul, Krishnagiri, Dharmapuri, Theni",90,"Use hybrid varieties, control fruit borer",,,,,,
Brinjal,Throughout the year,Throughout the year,Manual,Harvest when fruits are tender and glossy,,,,,,,Drip Irrigation,,,,Sandy loam,,,,,,,,,,,,,"Vellore, Tiruvannamalai, Kancheepuram, Cuddalore",120,"Use grafted plants, control shoot and fruit borer",,,,,,
Chilli,Throughout the year,Throughout the year,Manual,Harvest when fruits turn red,,,,,,,Drip Irrigation,,,,Sandy loam,,,,,,,,,,,,,"Ramanathapuram, Sivaganga, Virudhunagar, Thoothukudi",150,"Use disease-resistant varieties, control thrips and mites",,,,,,
Coconut,Throughout the year,Throughout the year,Manual,Harvest when nuts are mature,,,,,,,Well Irrigation,,,,Sandy loam,,,,,,,,,,,,,"Coimbatore, Tiruppur, Thanjavur, Kanyakumari",365,"Apply fertilizers regularly, control coconut mite",,,,,,
Sesame,June - July,September - October,Manual,Harvest when capsules turn yellow and dry,,,,,,,Well Irrigation,,,,Sandy loam,,,,,,,,,,,,,"Cuddalore, Villupuram, Perambalur, Ariyalur",90,"Apply phosphorus fertilizer, control leaf roller",,,,,,
Castor,June - July,December - January,Manual,Harvest when capsules turn brown and dry,,,,,,,Well Irrigation,,,,Red sandy loam,,,,,,,,,,,,,"Vellore, Tiruvannamalai, Dharmapuri, Krishnagiri",180,"Apply nitrogen fertilizer, control semi-looper",,,,,,
Tapioca,June - July,April-May (next year),Manual,Harvest when tubers are fully developed,,,,,,,Drip Irrigation,,,,Sandy loam,,,,,,,,,,,,,"Salem, Namakkal, Erode, Dharmapuri",300,"Use disease free planting material, control scale insects",,,,,,
Sweet Potato,June - July,November-December,Manual,Harvest when tubers are fully developed,,,,,,,Well Irrigation,,,,Sandy loam,,,,,,,,,,,,,"Thanjavur, Trichy, Pudukkottai, Madurai",150,"Use vine cuttings for planting, control weevils",,,,,,
Bhendi (Okra),Throughout the year,Throughout the year,Manual,Harvest when pods are tender,,,,,,,Drip Irrigation,,,,Sandy loam,,,,,,,,,,,,,"Kancheepuram, Tiruvallur, Vellore, Cuddalore",60,"Use hybrid varieties, control shoot and fruit borer",,,,,,
Pumpkin,June - July,October-November,Manual,Harvest when fruits are fully mature and skin is hard,,,,,,,Well Irrigation,,,,Loamy soil,,,,,,,,,,,,,"Dindigul, Madurai, Theni, Tiruchirappalli",120,"Apply organic manure, control fruit fly",,,,,,
Watermelon,February - March,May-June,Manual,Harvest when fruits produce a dull sound when tapped,,,,,,,Well Irrigation,,,,Sandy loam,,,,,,,,,,,,,"Ariyalur, Perambalur, Trichy, Karur",90,"Apply potassium fertilizer, control fruit fly",,,,,,
Muskmelon,February - March,May-June,Manual,Harvest when fruits emit a fragrant aroma,,,,,,,Well Irrigation,,,,Sandy loam,,,,,,,,,,,,,"Virudhunagar, Thoothukudi, Tirunelveli, Ramanathapuram",90,"Apply potassium fertilizer, control fruit fly",,,,,,
Ridge Gourd,June - July,September-October,Manual,Harvest when fruits are tender,,,,,,,Drip Irrigation,,,,Sandy loam,,,,,,,,,,,,,"Tiruvannamalai, Vellore, Kancheepuram, Chengalpattu",75,"Use hybrid varieties, control fruit fly",,,,,,
Bitter Gourd,June - July,September-October,Manual,Harvest when fruits are tender,,,,,,,Drip Irrigation,,,,Sandy loam,,,,,,,,,,,,,"Vellore, Tiruvannamalai, Kancheepuram, Chengalpattu",75,"Use hybrid varieties, control fruit fly",,,,,,
Snake Gourd,June - July,September-October,Manual,Harvest when fruits are tender,,,,,,,Drip Irrigation,,,,Sandy loam,,,,,,,,,,,,,"Vellore, Tiruvannamalai, Kancheepuram, Chengalpattu",75,"Use hybrid varieties, control fruit fly",,,,,,
Cluster Bean,June - July,September-October,Manual,Harvest when pods are tender,,,,,,,Well Irrigation,,,,Sandy loam,,,,,,,,,,,,,"Madurai, Dindigul, Theni, Tiruchirappalli",60,"Apply phosphorus fertilizer, control pod borer",,,,,,
Coriander,June - July,September-October,Manual,Harvest when leaves are fully grown,,,,,,,Well Irrigation,,,,Loamy soil,,,,,,,,,,,,,"Theni, Dindigul, Madurai, Virudhunagar",45,"Apply nitrogen fertilizer, control aphids",,,,,,
Mint,Throughout the year,Throughout the year,Manual,Harvest when leaves are fully grown,,,,,,,Well Irrigation,,,,Loamy soil,,,,,,,,,,,,,"Salem, Erode, Namakkal, Karur",30,"Apply nitrogen fertilizer, control leaf spot",,,,,,
Fenugreek,June - July,September-October,Manual,Harvest when pods are fully grown and dry,,,,,,,Well Irrigation,,,,Loamy soil,,,,,,,,,,,,,"Theni, Dindigul, Madurai, Virudhunagar",60,"Apply phosphorus fertilizer, control aphids",,,,,,
Rose,Throughout the year,Throughout the year,Manual,Cut the stems with sharp secateurs,,,,,,,Drip Irrigation,,,,Loamy soil,,,,,,,,,,,,,"Dindigul, Theni, Madurai, Coimbatore",365,"Apply fertilizers regularly, control aphids and thrips",,,,,,
Jasmine,Throughout the year,Throughout the year,Manual,Pick the flowers early in the morning,,,,,,,Well Irrigation,,,,Loamy soil,,,,,,,,,,,,,"Madurai, Dindigul, Theni, Virudhunagar",365,"Apply fertilizers regularly, control budworm",,,,,,
Marigold,Throughout the year,Throughout the year,Manual,Cut the flowers when fully opened,,,,,,,Well Irrigation,,,,Loamy soil,,,,,,,,,,,,,"Salem, Namakkal, Dharmapuri, Krishnagiri",90,"Apply fertilizers regularly, control aphids",,,,,,
Chrysanthemum,Throughout the year,Throughout the year,Manual,Cut the stems with sharp secateurs,,,,,,,Drip Irrigation,,,,Loamy soil,,,,,,,,,,,,,"Dindigul, Theni, Madurai, Coimbatore",120,"Apply fertilizers regularly, control aphids and thrips",,,,,,
Tapioca,October - November,July-August (next year),Manual,Harvest when tubers reach desired size,,,,,,,Drip Irrigation,,,,Sandy Loam,,,,,,,,,,,,,"Salem, Namakkal, Erode, Dharmapuri",300,"Use disease-free planting material, control mites",,,,,,
Banana (Poovan),Throughout the year,Throughout the year,Manual,Harvest when fruits are plump and green,,,,,,,Drip Irrigation,,,,Loamy Soil,,,,,,,,,,,,,"Trichy, Karur, Theni, Tiruchirappalli",365,"Ensure proper drainage, control nematodes",,,,,,
Banana (Grand Naine),Throughout the year,Throughout the year,Manual,Harvest when fruits are plump and green,,,,,,,Drip Irrigation,,,,Loamy Soil,,,,,,,,,,,,,"Theni, Trichy, Karur, Tiruchirappalli",365,"Provide adequate support, manage Sigatoka leaf spot",,,,,,
Arecanut,Throughout the year,Throughout the year,Manual,Harvest when nuts are fully ripe,,,,,,,Well Irrigation,,,,Laterite Soil,,,,,,,,,,,,,"Coimbatore, Tiruppur, Thanjavur, Kanyakumari",365,"Provide shade during initial stages, control mites",,,,,,
Pepper,June-July,February-March,Manual,Harvest spikes when one or two berries turn red,,,,,,,Well Irrigation,,,,Red Loamy,,,,,,,,,,,,,"Theni, Tirunelveli, Kanyakumari, Coimbatore",365,"Provide support, control nematodes",,,,,,
Cardamom,June-July,October-November,Manual,Harvest capsules when they are ¾ ripe,,,,,,,Well Irrigation,,,,Forest Loamy,,,,,,,,,,,,,"Theni, Dindigul, Kanyakumari, Tirunelveli",365,"Provide shade, control thrips",,,,,,
Tea,Throughout the year,Throughout the year,Manual,Pluck the two leaves and a bud,,,,,,,Sprinkler Irrigation,,,,Acidic Soil,,,,,,,,,,,,,"Nilgiris, Coimbatore, Theni, Dindigul",365,"Regular pruning, control tea mosquito bug",,,,,,
Coffee,April-May,November-December,Manual,Pick the ripe berries,,,,,,,Well Irrigation,,,,Red Loamy,,,,,,,,,,,,,"Dindigul, Theni, Nilgiris, Coimbatore",365,"Provide shade, control white stem borer",,,,,,
Rubber,Throughout the year,Throughout the year,Manual,Tap the bark for latex extraction,,,,,,,Rainfed,,,,Laterite Soil,,,,,,,,,,,,,"Kanyakumari, Tirunelveli, Coimbatore, Theni",365,"Regular tapping, control fungal diseases",,,,,,
Oil Palm,Throughout the year,Throughout the year,Manual,Harvest bunches when ripe fruits start falling,,,,,,,Drip Irrigation,,,,Clay Loamy,,,,,,,,,,,,,"Thanjavur, Trichy, Tirunelveli, Kanyakumari",365,"Regular fertilization, control rhinoceros beetle",,,,,,
,,,,,,,,,,,,,,,,,,Rice,June - July,November - December,Manual,Cut the paddy using a sickle at 80-85% maturity,"Thanjavur, Trichy",120,Clay loam,Canal Irrigation,Use high-yield varieties and proper spacing,,,,,,,,,
,,,,,,,,,,,,,,,,,,Rice,January - February,May - June,Manual,Cut the paddy using a sickle at 80-85% maturity,"Kanchipuram, Tiruvallur",110,Clay loam,Well Irrigation,Apply recommended dose of fertilizers based on soil test,,,,,,,,,
,,,,,,,,,,,,,,,,,,Groundnut,June - July,October - November,Manual/Mechanical,Uproot plants when kernels mature,"Villupuram, Tiruvannamalai",120,Sandy loam,Well Irrigation,Ensure proper drainage to avoid fungal diseases,,,,,,,,,
,,,,,,,,,,,,,,,,,,Groundnut,January - February,May - June,Manual/Mechanical,Uproot plants when kernels mature,"Dindigul, Erode",110,Sandy loam,Sprinkler Irrigation,Apply gypsum at flowering stage for pod development,,,,,,,,,
,,,,,,,,,,,,,,,,,,Sugarcane,January - February,January - February (Next Year),Manual/Mechanical,Cut the cane close to the ground,"Coimbatore, Erode",365,Clay loam,Canal Irrigation,Intercrop with pulses in early stages for nitrogen fixation,,,,,,,,,
,,,,,,,,,,,,,,,,,,Sugarcane,July - August,July - August (Next Year),Manual/Mechanical,Cut the cane close to the ground,"Cuddalore, Villupuram",365,Clay loam,Drip Irrigation,Apply press mud as organic manure for soil health,,,,,,,,,
,,,,,,,,,,,,,,,,,,Cotton,June - July,November - December,Manual,Pick bolls when fully open,"Virudhunagar, Tiruppur",180,Black cotton soil,Well Irrigation,Control bollworms effectively for higher yield,,,,,,,,,
,,,,,,,,,,,,,,,,,,Cotton,February - March,July - August,Manual,Pick bolls when fully open,"Madurai, Theni",160,Black cotton soil,Sprinkler Irrigation,Use Bt cotton varieties for pest resistance,,,,,,,,,
,,,,,,,,,,,,,,,,,,Maize,June - July,October - November,Manual/Mechanical,Harvest cobs when kernels are hard,"Perambalur, Ariyalur",100,Loamy soil,Well Irrigation,Plant at optimum spacing for better sunlight penetration,,,,,,,,,
,,,,,,,,,,,,,,,,,,Maize,January - February,May - June,Manual/Mechanical,Harvest cobs when kernels are hard,"Salem, Namakkal",90,Loamy soil,Drip Irrigation,Apply zinc sulphate for micronutrient deficiency,,,,,,,,,
,,,,,,,,,,,,,,,,,,Blackgram,June - July,September - October,Manual,Harvest pods when they turn black,"Nagapattinam, Thiruvarur",75,Sandy loam,Rainfed/Well Irrigation,Control yellow mosaic virus for yield protection,,,,,,,,,
,,,,,,,,,,,,,,,,,,Blackgram,January - February,April - May,Manual,Harvest pods when they turn black,"Theni, Dindigul",60,Sandy loam,Sprinkler Irrigation,Inoculate seeds with Rhizobium for nitrogen fixation,,,,,,,,,
,,,,,,,,,,,,,,,,,,Greengram,June - July,September - October,Manual,Harvest pods when they turn yellow,"Pudukkottai, Sivaganga",70,Sandy loam,Rainfed/Well Irrigation,Control pod borers for higher yield,,,,,,,,,
,,,,,,,,,,,,,,,,,,Greengram,January - February,April - May,Manual,Harvest pods when they turn yellow,"Vellore, Ranipet",65,Sandy loam,Sprinkler Irrigation,Provide support to avoid lodging in windy conditions,,,,,,,,,
,,,,,,,,,,,,,,,,,,Cholam (Sorghum),June - July,October - November,Manual,Harvest heads when grains are hard,"Coimbatore, Tiruppur",110,Red soil,Rainfed/Well Irrigation,Use drought-resistant varieties in rainfed areas,,,,,,,,,
,,,,,,,,,,,,,,,,,,Cholam (Sorghum),February - March,June - July,Manual,Harvest heads when grains are hard,"Dharmapuri, Krishnagiri",100,Red soil,Sprinkler Irrigation,Control shoot fly in early stages of growth,,,,,,,,,
,,,,,,,,,,,,,,,,,,Cumbu (Pearl Millet),June - July,September - October,Manual,Harvest heads when grains are hard,"Thiruvannamalai, Villupuram",90,Sandy soil,Rainfed/Well Irrigation,Plant early to avoid terminal drought,,,,,,,,,
,,,,,,,,,,,,,,,,,,Cumbu (Pearl Millet),February - March,May - June,Manual,Harvest heads when grains are hard,"Tirunelveli, Thoothukudi",80,Sandy soil,Sprinkler Irrigation,Apply farmyard manure for better water retention,,,,,,,,,
,,,,,,,,,,,,,,,,,,Pulses (Redgram),June - July,January - February,Manual,Harvest pods when they turn brown,"Salem, Dharmapuri",180,Red sandy loam,Rainfed,Intercrop with other crops to conserve moisture,,,,,,,,,
,,,,,,,,,,,,,,,,,,Pulses (Redgram),January - February,August - September,Manual,Harvest pods when they turn brown,"Theni, Madurai",160,Red sandy loam,Sprinkler Irrigation,Control pod borers and pod flies,,,,,,,,,
,,,,,,,,,,,,,,,,,,Sunflower,June - July,September - October,Manual,Harvest heads when back of head turns yellow,"Perambalur, Ariyalur",90,Black soil,Well Irrigation,Ensure proper pollination for seed setting,,,,,,,,,
,,,,,,,,,,,,,,,,,,Sunflower,January - February,April - May,Manual,Harvest heads when back of head turns yellow,"Namakkal, Salem",85,Black soil,Drip Irrigation,Protect from bird damage during seed filling,,,,,,,,,
,,,,,,,,,,,,,,,,,,Gingelly (Sesame),June - July,September - October,Manual,Harvest plants when capsules turn yellow,"Thanjavur, Nagapattinam",90,Sandy loam,Well Irrigation,Control phyllody disease for better yield,,,,,,,,,
,,,,,,,,,,,,,,,,,,Gingelly (Sesame),January - February,April - May,Manual,Harvest plants when capsules turn yellow,"Cuddalore, Villupuram",85,Sandy loam,Sprinkler Irrigation,Maintain optimum plant population for maximum yield,,,,,,,,,
,,,,,,,,,,,,,,,,,,Turmeric,April - May,January - February,Manual,Harvest rhizomes when leaves turn yellow,"Erode, Coimbatore",270,Sandy loam,Well Irrigation,Provide shade during early stages of growth,,,,,,,,,
,,,,,,,,,,,,,,,,,,Turmeric,May - June,February - March,Manual,Harvest rhizomes when leaves turn yellow,"Dindigul, Karur",240,Sandy loam,Drip Irrigation,Apply neem cake for nematode control,,,,,,,,,
,,,,,,,,,,,,,,,,,,Tapioca,April - May,February - March,Manual,Harvest tubers when plants are 10-12 months old,"Salem, Namakkal",300,Sandy loam,Well Irrigation,Control cassava mosaic disease for higher yield,,,,,,,,,
,,,,,,,,,,,,,,,,,,Tapioca,May - June,March - April,Manual,Harvest tubers when plants are 10-12 months old,"Vellore, Dharmapuri",270,Sandy loam,Drip Irrigation,Provide adequate potassium for tuber development,,,,,,,,,
,,,,,,,,,,,,,,,,,,Banana,Throughout the year,12-15 months after planting,Manual,Cut the pseudostem bearing the bunch,"Trichy, Theni",450,Clay loam,Drip Irrigation,Provide support to prevent lodging of plants,,,,,,,,,
,,,,,,,,,,,,,,,,,,Banana,Throughout the year,12-15 months after planting,Manual,Cut the pseudostem bearing the bunch,"Coimbatore, Tirunelveli",420,Clay loam,Flood Irrigation,Control banana bunchy top virus,,,,,,,,,
,,,,,,,,,,,,,,,,,,Mango,Throughout the year,May - July,Manual,Harvest fruits at physiological maturity,"Krishnagiri, Dharmapuri",Perennial,Red sandy loam,Well Irrigation,Control mango hopper and fruit fly,,,,,,,,,
,,,,,,,,,,,,,,,,,,Mango,Throughout the year,June - August,Manual,Harvest fruits at physiological maturity,"Salem, Theni",Perennial,Red sandy loam,Drip Irrigation,Apply paclobutrazol for regular bearing,,,,,,,,,
,,,,,,,,,,,,,,,,,,Cashew,Throughout the year,February - May,Manual,Harvest cashew apples and nuts when ripe,"Cuddalore, Villupuram",Perennial,Laterite soil,Rainfed,Control tea mosquito bug,,,,,,,,,
,,,,,,,,,,,,,,,,,,Cashew,Throughout the year,March - June,Manual,Harvest cashew apples and nuts when ripe,"Pudukkottai, Sivaganga",Perennial,Laterite soil,Well Irrigation,Apply boron for better fruit set,,,,,,,,,
,,,,,,,,,,,,,,,,,,Coconut,Throughout the year,Throughout the year,Manual,Harvest nuts when they are 11-12 months old,"Coimbatore, Thanjavur",Perennial,Sandy loam,Well Irrigation,Control eriophyid mite and rhinoceros beetle,,,,,,,,,
,,,,,,,,,,,,,,,,,,Coconut,Throughout the year,Throughout the year,Manual,Harvest nuts when they are 11-12 months old,"Kanyakumari, Tirunelveli",Perennial,Sandy loam,Rainfed,Provide adequate nutrition for sustained yield,,,,,,,,,
,,,,,,,,,,,,,,,,,,Tea,Throughout the year,Throughout the year,Manual,Pluck two leaves and a bud,"Nilgiris, Coimbatore",Perennial,Acidic soil,Rainfed,Maintain proper shade and drainage,,,,,,,,,
,,,,,,,,,,,,,,,,,,Coffee,Throughout the year,October - February,Manual,Pick ripe berries,"Dindigul, Theni",Perennial,Laterite soil,Rainfed,Provide shade and control white stem borer,,,,,,,,,
,,,,,,,,,,,,,,,,,,Cardamom,June - July,October - December,Manual,Harvest capsules when they turn green,"Theni, Dindigul",Perennial,Forest loam,Rainfed,Provide shade and control thrips,,,,,,,,,
,,,,,,,,,,,,,,,,,,Rubber,Throughout the year,Throughout the year,Manual,Tap latex from the tree,Kanyakumari,Perennial,Laterite soil,Rainfed,Apply fertilizers based on leaf analysis,,,,,,,,,
,,,,,,,,,,,,,,,,,,Tomato,June - July,September - October,Manual,Harvest fruits when they turn red,"Krishnagiri, Dharmapuri",90,Sandy loam,Drip Irrigation,Provide staking for better fruit development,,,,,,,,,
,,,,,,,,,,,,,,,,,,Tomato,January - February,April - May,Manual,Harvest fruits when they turn red,"Coimbatore, Theni",80,Sandy loam,Well Irrigation,Control early and late blight diseases,,,,,,,,,
,,,,,,,,,,,,,,,,,,Brinjal,June - July,October - November,Manual,Harvest fruits when they are tender,"Vellore, Tiruvannamalai",120,Sandy loam,Drip Irrigation,Control shoot and fruit borer,,,,,,,,,
,,,,,,,,,,,,,,,,,,Brinjal,January - February,May - June,Manual,Harvest fruits when they are tender,"Madurai, Dindigul",110,Sandy loam,Well Irrigation,Apply micronutrients for better fruit quality,,,,,,,,,
,,,,,,,,,,,,,,,,,,Onion,October - November,February - March,Manual,Harvest bulbs when tops fall over,"Perambalur, Trichy",150,Sandy loam,Drip Irrigation,Control thrips and purple blotch disease,,,,,,,,,
,,,,,,,,,,,,,,,,,,Onion,December - January,April - May,Manual,Harvest bulbs when tops fall over,"Dindigul, Theni",140,Sandy loam,Well Irrigation,Apply sulphur for better bulb size and quality,,,,,,,,,
,,,,,,,,,,,,,,,,,,Chillies,June - July,October - November,Manual,Pick fruits when they turn red,"Ramanathapuram, Sivaganga",180,Sandy loam,Drip Irrigation,Control thrips and mites,,,,,,,,,
,,,,,,,,,,,,,,,,,,Chillies,January - February,May - June,Manual,Pick fruits when they turn red,"Virudhunagar, Tirunelveli",160,Sandy loam,Well Irrigation,Apply calcium nitrate for blossom end rot control,,,,,,,,,
,,,,,,,,,,,,,,,,,,Flowers (Jasmine),Throughout the year,Throughout the year,Manual,Pick flowers early in the morning,"Madurai, Dindigul",Perennial,Sandy loam,Drip Irrigation,Provide regular irrigation and pruning,,,,,,,,,
,,,,,,,,,,,,,,,,,,Flowers (Marigold),Throughout the year,Throughout the year,Manual,Harvest flowers when fully opened,"Salem, Dharmapuri",90,Sandy loam,Well Irrigation,Pinch off terminal buds for bushy growth,,,,,,,,,
Rice,January - February,May - June,Manual,Cut the paddy using a sickle at 80-85% maturity,,,,,,,,,"Kanchipuram, Vellore, Tiruvallur",110,Sandy loam,Well Irrigation,Apply balanced fertilizers based on soil test results,,,,,,,,,,,,,,,,,,,
Sugarcane,February - March,January - February (next year),Manual/Mechanical,Harvest when brix value reaches 20-22,,,,,,,,,"Erode, Karur, Namakkal",365,Loamy soil,Drip Irrigation,Ensure proper drainage and timely fertilizer application,,,,,,,,,,,,,,,,,,,
Cotton,June - July,November - December,Manual,Pick cotton bolls when fully opened and dry,,,,,,,,,"Coimbatore, Tiruppur, Madurai",180,Black soil,Drip Irrigation,Control pests and diseases effectively,,,,,,,,,,,,,,,,,,,
Groundnut,June - July,October - November,Manual/Mechanical,Harvest when pods are mature and kernels are reddish-brown,,,,,,,,,"Villupuram, Cuddalore, Tiruvannamalai",120,Sandy loam,Well Irrigation,Maintain optimum soil moisture during pod formation,,,,,,,,,,,,,,,,,,,
Maize,June - July,September - October,Manual,Harvest when kernels are hard and dry,,,,,,,,,"Salem, Dharmapuri, Krishnagiri",90,Loamy soil,Well Irrigation,Select hybrid varieties and provide adequate nitrogen fertilizer,,,,,,,,,,,,,,,,,,,
Pulses (Black gram),September - October,December - January,Manual,Harvest when pods are dry and turn black,,,,,,,,,"Thanjavur, Trichy, Pudukkottai",90,Loamy soil,Rainfed/Well Irrigation,Inoculate seeds with Rhizobium culture,,,,,,,,,,,,,,,,,,,
Pulses (Green gram),February - March,May - June,Manual,Harvest when pods are dry and turn yellow,,,,,,,,,"Villupuram, Cuddalore, Tiruvannamalai",75,Sandy loam,Rainfed/Well Irrigation,Control pod borers effectively,,,,,,,,,,,,,,,,,,,
Coconut,Throughout the year,Throughout the year,Manual,Harvest mature nuts every 45-60 days,,,,,,,,,"Coimbatore, Thanjavur, Kanyakumari",365,Sandy loam,Well Irrigation,Provide regular irrigation and fertilizer application,,,,,,,,,,,,,,,,,,,
Banana,Throughout the year,Throughout the year,Manual,Harvest bunches when fingers are plump and yellowish-green,,,,,,,,,"Trichy, Theni, Tirunelveli",365,Clay loam,Drip Irrigation,Control Sigatoka leaf spot disease,,,,,,,,,,,,,,,,,,,
Turmeric,April - May,January - February,Manual,Harvest rhizomes when leaves turn yellow and dry,,,,,,,,,"Erode, Salem, Dharmapuri",270,Sandy loam,Well Irrigation,Provide partial shade during summer months,,,,,,,,,,,,,,,,,,,
Onion,June - July,October - November,Manual,Harvest when tops fall over and bulbs are well-developed,,,,,,,,,"Perambalur, Trichy, Dindigul",120,Sandy loam,Well Irrigation,Control thrips and purple blotch disease,,,,,,,,,,,,,,,,,,,
Tapioca,June - July,February - March,Manual,Harvest tubers when they are mature and starch content is high,,,,,,,,,"Salem, Namakkal, Dharmapuri",300,Sandy loam,Well Irrigation,Provide adequate potassium fertilizer,,,,,,,,,,,,,,,,,,,
Mango,December - January,April - May,Manual,Harvest fruits when they are mature and show slight color change,,,,,,,,,"Krishnagiri, Dharmapuri, Salem",150,Loamy soil,Well Irrigation,Control fruit fly and powdery mildew disease,,,,,,,,,,,,,,,,,,,
Cashew,August - September,January - February,Manual,Harvest nuts when they fall from the tree,,,,,,,,,"Cuddalore, Pudukkottai, Sivaganga",240,Sandy loam,Rainfed,Control tea mosquito bug effectively,,,,,,,,,,,,,,,,,,,
Oilseeds (Sesame),June - July,September - October,Manual,Harvest when capsules turn yellow and seeds begin to shatter,,,,,,,,,"Thanjavur, Trichy, Nagapattinam",90,Sandy loam,Rainfed/Well Irrigation,Control leaf curl virus disease,,,,,,,,,,,,,,,,,,,
Chillies,June - July,October - November,Manual,Harvest fruits when they turn red and are fully mature,,,,,,,,,"Ramanathapuram, Sivaganga, Virudhunagar",180,Sandy loam,Well Irrigation,Control thrips and fruit rot disease,,,,,,,,,,,,,,,,,,,
Tomato,June - July,September - October,Manual,Harvest fruits when they are fully ripe and red,,,,,,,,,"Dindigul, Krishnagiri, Dharmapuri",90,Sandy loam,Well Irrigation,Provide support for the plants and control early blight disease,,,,,,,,,,,,,,,,,,,
Brinjal,June - July,October - November,Manual,Harvest fruits when they are tender and glossy,,,,,,,,,"Vellore, Tiruvannamalai, Kanchipuram",120,Sandy loam,Well Irrigation,Control shoot and fruit borer,,,,,,,,,,,,,,,,,,,
Okra,June - July,September - October,Manual,Harvest pods when they are tender and about 4-5 inches long,,,,,,,,,"Madurai, Theni, Dindigul",60,Sandy loam,Well Irrigation,Control yellow vein mosaic virus,,,,,,,,,,,,,,,,,,,
Sunflower,June - July,September - October,Manual,Harvest when the back of the flower head turns yellow-brown,,,,,,,,,"Perambalur, Ariyalur, Trichy",90,Loamy soil,Well Irrigation,Protect from bird damage,,,,,,,,,,,,,,,,,,,
Sorghum,June - July,September - October,Manual,Harvest when grains are hard and dry,,,,,,,,,"Coimbatore, Tiruppur, Erode",100,Loamy soil,Rainfed/Well Irrigation,Control shoot fly and stem borer,,,,,,,,,,,,,,,,,,,
Cumbu (Pearl millet),June - July,September - October,Manual,Harvest when grains are hard and dry,,,,,,,,,"Tirunelveli, Thoothukudi, Virudhunagar",80,Sandy loam,Rainfed,Control downy mildew disease,,,,,,,,,,,,,,,,,,,
Jasmine,Throughout the year,Throughout the year,Manual,Harvest flowers early in the morning when they are fully open,,,,,,,,,"Madurai, Dindigul, Theni",365,Sandy loam,Well Irrigation,Provide regular pruning and fertilization,,,,,,,,,,,,,,,,,,,
Rose,Throughout the year,Throughout the year,Manual,Harvest flowers when they are partially open,,,,,,,,,"Hosur, Nilgiris, Dindigul",365,Loamy soil,Well Irrigation,Control black spot and powdery mildew disease,,,,,,,,,,,,,,,,,,,
Cardamom,June - July,October - November,Manual,Harvest capsules when they are fully mature and green,,,,,,,,,"Theni, Dindigul, Tirunelveli",365,Loamy soil,Well Irrigation,Provide shade and maintain humidity,,,,,,,,,,,,,,,,,,,
Tea,Throughout the year,Throughout the year,Manual,Harvest tender shoots with two leaves and a bud,,,,,,,,,"Nilgiris, Coimbatore, Valparai",365,Loamy soil,Rainfed,Regular pruning and fertilization are crucial,,,,,,,,,,,,,,,,,,,
Coffee,April - May,November - December,Manual,Harvest ripe cherries,,,,,,,,,"Dindigul, Theni, Nilgiris",365,Loamy soil,Rainfed/Well Irrigation,Provide shade and control coffee berry borer,,,,,,,,,,,,,,,,,,,
Rubber,Throughout the year,Throughout the year,Manual,Tap the bark to collect latex,,,,,,,,,Kanyakumari,365,Loamy soil,Rainfed,Apply fertilizers regularly and control fungal diseases,,,,,,,,,,,,,,,,,,,
Grapes,January - February,May - June,Manual,Harvest when berries are fully ripe and have the desired sugar content,,,,,,,,,"Theni, Coimbatore, Dindigul",240,Sandy loam,Drip Irrigation,Provide proper training and pruning,,,,,,,,,,,,,,,,,,,
Sapota,June - July,December - January,Manual,Harvest fruits when they are soft and have a brownish tinge,,,,,,,,,"Dindigul, Krishnagiri, Dharmapuri",365,Loamy soil,Well Irrigation,Control fruit fly and mealybugs,,,,,,,,,,,,,,,,,,,
Guava,June - July,December - January,Manual,Harvest fruits when they are mature and have a yellowish-green color,,,,,,,,,"Dindigul, Trichy, Karur",365,Sandy loam,Well Irrigation,Control fruit fly and guava wilt,,,,,,,,,,,,,,,,,,,
Pomegranate,June - July,December - January,Manual,Harvest fruits when they are fully ripe and have a deep red color,,,,,,,,,"Dharmapuri, Krishnagiri, Salem",365,Sandy loam,Well Irrigation,Control fruit cracking and bacterial blight,,,,,,,,,,,,,,,,,,,
Amla,June - July,December - January,Manual,Harvest fruits when they are fully mature and have a greenish-yellow color,,,,,,,,,"Krishnagiri, Dharmapuri, Salem",365,Sandy loam,Well Irrigation,Provide proper drainage and fertilization,,,,,,,,,,,,,,,,,,,
Sweet Potato,June - July,October - November,Manual,Harvest tubers when they are mature and have a smooth skin,,,,,,,,,"Cuddalore, Villupuram, Tiruvannamalai",120,Sandy loam,Well Irrigation,Provide proper drainage and fertilization,,,,,,,,,,,,,,,,,,,
Yam,June - July,December - January,Manual,Harvest tubers when the vines dry out,,,,,,,,,"Cuddalore, Villupuram, Tiruvannamalai",240,Sandy loam,Well Irrigation,Provide support for the vines,,,,,,,,,,,,,,,,,,,
Colocasia (Taro),June - July,December - January,Manual,Harvest tubers when the leaves turn yellow,,,,,,,,,"Cuddalore, Villupuram, Tiruvannamalai",240,Clay loam,Well Irrigation,Provide plenty of water,,,,,,,,,,,,,,,,,,,
Carrot,September - October,January - February,Manual,Harvest roots when they are fully developed and have a bright orange color,,,,,,,,,"Nilgiris, Dindigul, Theni",90,Sandy loam,Well Irrigation,Provide well-drained soil and adequate moisture,,,,,,,,,,,,,,,,,,,
Beetroot,September - October,January - February,Manual,Harvest roots when they are fully developed and have a deep red color,,,,,,,,,"Nilgiris, Dindigul, Theni",90,Sandy loam,Well Irrigation,Provide well-drained soil and adequate moisture,,,,,,,,,,,,,,,,,,,
Cabbage,September - October,January - February,Manual,Harvest heads when they are firm and fully developed,,,,,,,,,"Nilgiris, Dindigul, Theni",90,Loamy soil,Well Irrigation,Control diamondback moth and cabbage aphid,,,,,,,,,,,,,,,,,,,
Cauliflower,September - October,January - February,Manual,Harvest heads when they are compact and white,,,,,,,,,"Nilgiris, Dindigul, Theni",90,Loamy soil,Well Irrigation,Control diamondback moth and cabbage aphid,,,,,,,,,,,,,,,,,,,
Potato,September - October,January - February,Manual/Mechanical,Harvest tubers when the vines die back,,,,,,,,,"Nilgiris, Dindigul, Theni",120,Sandy loam,Well Irrigation,Provide well-drained soil and adequate moisture,,,,,,,,,,,,,,,,,,,
Beans,September - October,January - February,Manual,Harvest pods when they are tender and before the seeds develop,,,,,,,,,"Nilgiris, Dindigul, Theni",60,Loamy soil,Well Irrigation,Provide support for the vines,,,,,,,,,,,,,,,,,,,
Peas,September - October,January - February,Manual,Harvest pods when they are plump and the peas are tender,,,,,,,,,"Nilgiris, Dindigul, Theni",60,Loamy soil,Well Irrigation,Provide support for the vines,,,,,,,,,,,,,,,,,,,
Garlic,October - November,March - April,Manual,Harvest bulbs when the tops begin to dry out,,,,,,,,,"Dindigul, Theni, Perambalur",150,Sandy loam,Well Irrigation,Provide well-drained soil and adequate moisture,,,,,,,,,,,,,,,,,,,
Ginger,April - May,January - February,Manual,Harvest rhizomes when the leaves turn yellow and dry,,,,,,,,,"Nilgiris, Dindigul, Theni",240,Sandy loam,Well Irrigation,Provide partial shade during summer months,,,,,,,,,,,,,,,,,,,
Black Pepper,June - July,January - February,Manual,Harvest spikes when the berries turn red,,,,,,,,,"Theni, Dindigul, Tirunelveli",365,Loamy soil,Well Irrigation,Provide shade and maintain humidity,,,,,,,,,,,,,,,,,,,
Clove,June - July,November - December,Manual,Harvest flower buds when they turn pinkish-red,,,,,,,,,"Theni, Dindigul, Tirunelveli",365,Loamy soil,Well Irrigation,Provide shade and maintain humidity,,,,,,,,,,,,,,,,,,,
Nutmeg,June - July,November - December,Manual,Harvest fruits when they split open,,,,,,,,,"Theni, Dindigul, Tirunelveli",365,Loamy soil,Well Irrigation,Provide shade and maintain humidity,,,,,,,,,,,,,,,,,,,
Paddy (Kuruvai),June - July,September-October,Manual,Harvest using sickle when grains turn golden yellow,,,,,,,,,"Thanjavur, Tiruvarur, Nagapattinam",110,Clay Loam,Canal Irrigation,Apply azospirillum as biofertilizer for better yield,,,,,,,,,,,,,,,,,,,
Sunnhemp,June-July,September-October,Manual,Harvest at 50% flowering stage for green manure,,,,,,,,,"Karur, Namakkal, Trichy",90,Sandy loam,Rainfed,Incorporate the plants into soil before sowing next crop.,,,,,,,,,,,,,,,,,,,
Rice,December - January,April - May,Manual,Cut the paddy using a sickle at 80-85% maturity,,110-125,,,,,"Well Irrigation, Borewell Irrigation",,,,Clay loam,,,,,,,,,,,,,"Kancheepuram, Tiruvallur, Vellore",,,"Short duration varieties are best, ensure proper drainage",,,,,
Sugarcane,January - February,December - January (next year),Manual/Mechanical,"Harvest when sucrose content is maximum, typically 10-12 months after planting",,365,,,,,"Drip Irrigation, Furrow Irrigation",,,,Loamy soil,,,,,,,,,,,,,"Coimbatore, Erode, Karur, Namakkal",,,"Select high-yielding varieties, control pests and diseases",,,,,
Cotton,June - July,December - January,Manual,Pick cotton bolls when fully open,,180-200,,,,,"Well Irrigation, Borewell Irrigation",,,,Black soil,,,,,,,,,,,,,"Madurai, Virudhunagar, Tirunelveli, Thoothukudi",,,"Use Bt cotton varieties, manage pink bollworm effectively",,,,,
Groundnut,June - July,October - November,Manual/Mechanical,Harvest when pods are mature and shells are hardened,,120-135,,,,,"Well Irrigation, Rainfed",,,,Sandy loam,,,,,,,,,,,,,"Villupuram, Tiruvannamalai, Salem",,,"Apply gypsum to improve pod filling, control leaf spot disease",,,,,
Maize,June - July,October - November,Manual/Mechanical,Harvest when kernels are dented and moisture content is low,,90-110,,,,,"Well Irrigation, Borewell Irrigation",,,,Loamy soil,,,,,,,,,,,,,"Dindigul, Theni, Coimbatore",,,"Choose hybrid varieties, apply balanced fertilizers",,,,,
Blackgram,June - July,September - October,Manual,Harvest when pods are black and dry,,60-75,,,,,"Rainfed, Well Irrigation",,,,Sandy loam,,,,,,,,,,,,,"Cuddalore, Villupuram, Thanjavur",,,"Short duration crop, intercrop with cotton or maize",,,,,
Greengram,June - July,September - October,Manual,Harvest when pods are yellow and dry,,60-70,,,,,"Rainfed, Well Irrigation",,,,Sandy loam,,,,,,,,,,,,,"Perambalur, Ariyalur, Tiruchirappalli",,,"Suitable for intercropping, use improved varieties",,,,,
Sunflower,January - February,April - May,Manual,Harvest when back of the head turns yellow-brown,,90-100,,,,,"Well Irrigation, Borewell Irrigation",,,,Loamy soil,,,,,,,,,,,,,"Erode, Namakkal, Tirupur",,,"Good oilseed crop, control head borer and Alternaria leaf spot",,,,,
Banana,Throughout the year,12-15 months after planting,Manual,Cut the pseudostem when the bunch is mature,,365-450,,,,,Drip Irrigation,,,,Loamy soil,,,,,,,,,,,,,"Theni, Tiruchirappalli, Thoothukudi",,,"Ensure proper drainage, control Panama wilt and Sigatoka leaf spot",,,,,
Turmeric,April - May,January - February (next year),Manual,Dig up rhizomes when leaves turn yellow and dry,,270-300,,,,,"Well Irrigation, Borewell Irrigation",,,,Loamy soil,,,,,,,,,,,,,"Erode, Salem, Dharmapuri",,,"Cure rhizomes properly, control rhizome rot",,,,,
Tapioca,Throughout the year,8-10 months after planting,Manual,Harvest when tubers are mature and easily separated from the stem,,240-300,,,,,"Well Irrigation, Rainfed",,,,Sandy loam,,,,,,,,,,,,,"Salem, Namakkal, Dharmapuri",,,"Use improved varieties, control cassava mosaic disease",,,,,
Cashew,Throughout the year,February - May,Manual,Harvest when nuts fall naturally from the tree,,365,,,,,Rainfed,,,,Red sandy loam,,,,,,,,,,,,,"Cuddalore, Pudukkottai, Sivaganga",,,"Prune trees regularly, control tea mosquito bug",,,,,
Mango,Throughout the year,May - July,Manual,Harvest when fruits are mature and have good color,,365,,,,,Well Irrigation,,,,Loamy soil,,,,,,,,,,,,,"Krishnagiri, Dharmapuri, Salem",,,Control fruit fly and powdery mildew,,,,,
Onion,September - October,January - February,Manual,Harvest when necks start to fall over,,120-150,,,,,Well Irrigation,,,,Sandy loam,,,,,,,,,,,,,"Perambalur, Tiruchirappalli, Dindigul",,,Control purple blotch and thrips,,,,,
Tomato,Throughout the year,60-75 days after transplanting,Manual,Harvest when fruits are fully ripe and have good color,,90-120,,,,,Drip Irrigation,,,,Sandy loam,,,,,,,,,,,,,"Krishnagiri, Dindigul, Theni",,,"Stake plants to prevent lodging, control early blight and tomato fruit borer",,,,,
Brinjal,Throughout the year,60-75 days after transplanting,Manual,Harvest when fruits are tender and have good color,,120-150,,,,,Drip Irrigation,,,,Sandy loam,,,,,,,,,,,,,"Vellore, Tiruvannamalai, Salem",,,Control brinjal shoot and fruit borer,,,,,
Chilli,Throughout the year,60-75 days after transplanting,Manual,Harvest when fruits are red and ripe,,150-180,,,,,Drip Irrigation,,,,Sandy loam,,,,,,,,,,,,,"Ramanathapuram, Sivaganga, Virudhunagar",,,Control thrips and chilli mosaic virus,,,,,
Coconut,Throughout the year,Throughout the year,Manual,Harvest when nuts are mature and have water inside,,365,,,,,"Rainfed, Well Irrigation",,,,Sandy loam,,,,,,,,,,,,,"Coimbatore, Thanjavur, Kanyakumari",,,"Ensure proper drainage, control red palm weevil",,,,,
Rubber,Throughout the year,Throughout the year,Manual,Tapping of rubber trees,,365,,,,,Rainfed,,,,Laterite soil,,,,,,,,,,,,,Kanyakumari,,,Proper tapping techniques are essential,,,,,
Tea,Throughout the year,Throughout the year,Manual,Plucking of tea leaves,,365,,,,,Rainfed,,,,Acidic soil,,,,,,,,,,,,,Nilgiris,,,Regular pruning and weed control are necessary,,,,,
Coffee,Throughout the year,October - January,Manual,Picking of coffee cherries,,365,,,,,Rainfed,,,,Laterite soil,,,,,,,,,,,,,Dindigul,,,Shade management is crucial,,,,,
Jasmine,Throughout the year,Throughout the year,Manual,Picking of jasmine flowers,,365,,,,,Well Irrigation,,,,Loamy soil,,,,,,,,,,,,,"Madurai, Dindigul, Virudhunagar",,,Prune regularly to promote flowering,,,,,
Rose,Throughout the year,Throughout the year,Manual,Cutting of rose flowers,,365,,,,,Drip Irrigation,,,,Loamy soil,,,,,,,,,,,,,"Hosur, Dindigul",,,Prune regularly and control pests and diseases,,,,,
Marigold,Throughout the year,60-75 days after sowing,Manual,Harvesting of marigold flowers,,90-120,,,,,Well Irrigation,,,,Loamy soil,,,,,,,,,,,,,"Dindigul, Theni, Coimbatore",,,Deadhead regularly to promote flowering,,,,,
Crossandra,Throughout the year,Throughout the year,Manual,Picking of crossandra flowers,,365,,,,,Well Irrigation,,,,Loamy soil,,,,,,,,,,,,,"Madurai, Tirunelveli",,,Prune regularly to promote flowering,,,,,
Sorghum,June - July,October - November,Manual/Mechanical,Harvest when grains are mature and dry,,100-120,,,,,"Rainfed, Well Irrigation",,,,Loamy soil,,,,,,,,,,,,,"Coimbatore, Erode, Tirupur",,,"Drought tolerant crop, use improved varieties",,,,,
Pearlmillet,June - July,September - October,Manual/Mechanical,Harvest when grains are mature and dry,,80-90,,,,,"Rainfed, Well Irrigation",,,,Sandy loam,,,,,,,,,,,,,"Tiruvannamalai, Villupuram, Salem",,,"Drought tolerant crop, short duration",,,,,
Horsegram,June - July,October - November,Manual,Harvest when pods are mature and dry,,120-150,,,,,Rainfed,,,,Sandy loam,,,,,,,,,,,,,"Krishnagiri, Dharmapuri, Vellore",,,"Grown in drylands, drought tolerant",,,,,
Redgram,June - July,December - January,Manual,Harvest when pods are mature and dry,,180-200,,,,,"Rainfed, Well Irrigation",,,,Loamy soil,,,,,,,,,,,,,"Salem, Dharmapuri, Krishnagiri",,,"Long duration crop, intercrop with groundnut or maize",,,,,
Coriander,October - November,January - February,Manual,Harvest when seeds are mature and dry,,90-120,,,,,Well Irrigation,,,,Loamy soil,,,,,,,,,,,,,"Theni, Dindigul, Madurai",,,Grown for both leaves and seeds,,,,,
Fenugreek,October - November,January - February,Manual,Harvest when pods are yellow and dry,,90-120,,,,,Well Irrigation,,,,Loamy soil,,,,,,,,,,,,,"Theni, Dindigul, Madurai",,,"Grown for leaves and seeds, used as a spice",,,,,
Cumin,October - November,February - March,Manual,Harvest when seeds are mature and dry,,120-150,,,,,Well Irrigation,,,,Sandy loam,,,,,,,,,,,,,"Ramanathapuram, Sivaganga, Virudhunagar",,,"Sensitive to waterlogging, good for drylands",,,,,
Mustard,October - November,February - March,Manual/Mechanical,Harvest when pods are yellow and dry,,120-150,,,,,Well Irrigation,,,,Loamy soil,,,,,,,,,,,,,"Theni, Dindigul, Madurai",,,"Oilseed crop, good source of edible oil",,,,,
Sesame,June - July,September - October,Manual,Harvest when capsules are yellow and dry,,90-120,,,,,Well Irrigation,,,,Sandy loam,,,,,,,,,,,,,"Thanjavur, Trichy, Pudukkottai",,,"Oilseed crop, drought tolerant",,,,,
Castor,June - July,December - January,Manual,Harvest when capsules are mature and dry,,180-240,,,,,"Rainfed, Well Irrigation",,,,Loamy soil,,,,,,,,,,,,,"Salem, Dharmapuri, Krishnagiri",,,"Oilseed crop, drought tolerant",,,,,
Coconut,Throughout the year,Throughout the year,Manual,"Harvest when nuts are 11-12 months old, depending on the variety and region.",,365,,,,,"Rainfed, Well Irrigation, Drip Irrigation",,,,"Sandy loam, Red loam",,,,,,,,,,,,,"Thanjavur, Coimbatore, Kanyakumari",,,Ensure adequate drainage and nutrient supply.,,,,,
Gingelly (Sesame),July - August,November - December,Manual,Cut the plants when capsules turn yellow and allow to dry,,90,,,,,"Rainfed, Irrigation during critical stages",,,,Sandy loam to Loamy soil,,,,,,,,,,,,,"Villupuram, Cuddalore, Nagapattinam",,,Ensure timely weeding and pest control.,,,,,
Redgram (Pigeon pea),June - July,January - February,Manual,Harvest when 80% of the pods have dried,,180-200,,,,,"Rainfed, Protective irrigation",,,,Sandy loam to Loamy soil,,,,,,,,,,,,,"Salem, Krishnagiri, Dharmapuri",,,Manage pod borer and wilt diseases.,,,,,
Groundnut,July - August,November - December,Manual / Mechanical,Lift the plants when pods mature (shell turns brown inside).,,120-135,,,,,"Rainfed, Irrigation at pod formation",,,,Sandy loam,,,,,,,,,,,,,"Vellore, Tiruvannamalai, Villupuram",,,Apply gypsum for better pod filling.,,,,,
Cotton,June - July,January - February,Manual,Pick open bolls early morning when dew is gone.,,180-200,,,,,Irrigation at critical stages,,,,Black soil,,,,,,,,,,,,,"Madurai, Virudhunagar, Tirunelveli",,,Use Bt cotton for bollworm resistance.,,,,,
Rice Fallow Pulses (Blackgram/Greengram),January-February,April-May,Manual,Harvest when pods turn black/yellow and are dry.,,60-75,,,,,"Residual Moisture, Limited Irrigation",,,,Clay Loam,,,,,,,,,,,,,"Thanjavur, Tiruvarur, Nagapattinam",,,Ensure timely sowing and pest control.,,,,,
Maize,June-July,October-November,Manual / Mechanical,Harvest when kernels are hard and moisture is low.,,90-110,,,,,Irrigation at tasseling and grain filling stages,,,,Loamy Soil,,,,,,,,,,,,,"Coimbatore, Dindigul, Theni",,,Select high yielding hybrids.,,,,,
Sugarcane,February-March,January-February (Next Year),Manual / Mechanical,Harvest when sucrose content is at its peak (usually 10-12 months after planting).,,365,,,,,"Furrow Irrigation, Drip Irrigation",,,,Loamy Soil,,,,,,,,,,,,,"Coimbatore, Erode, Karur",,,Ensure proper drainage and weed management.,,,,,
Tapioca,Throughout the year,8-10 months after planting,Manual,Harvest when tubers are mature and easily separable,,240-300,,,,,"Rainfed, Irrigation during dry spells",,,,Sandy Loam,,,,,,,,,,,,,"Salem, Namakkal, Dharmapuri",,,"Use improved varieties, manage mosaic disease",,,,,
Turmeric,April-May,January-February (Next Year),Manual,"Harvest when leaves turn yellow and dry, dig up rhizomes.",,270-300,,,,,Irrigation at regular intervals,,,,Loamy Soil,,,,,,,,,,,,,"Erode, Salem, Dharmapuri",,,"Cure rhizomes properly, control rhizome rot disease.",,,,,
Banana (G9 Variety),Throughout the year,12-15 Months,Manual,Harvest when fingers are plump and angularity is reduced.,,365-450,,,,,Drip Irrigation,,,,Loamy soil,,,,,,,,,,,,,"Theni, Tiruchirappalli, Tuticorin",,,Provide adequate support to prevent lodging.,,,,,
Coconut (Tall Varieties),Throughout the year,Throughout the year,Manual,Harvest nuts at 11-12 months maturity.,,365,,,,,"Rainfed, Well Irrigation, Drip irrigation",,,,Sandy Loam to Red Loam,,,,,,,,,,,,,"Thanjavur, Coimbatore, Kanyakumari",,,Ensure proper drainage and nutrient supply,,,,,
Black Pepper,June - July,January - February,Manual,Hand-picked spikes when berries turn red,,365,,,,,Rainfed,,,,Laterite soil,,,,,,,,,,,,,"The Nilgiris, Dindigul",,,Provide shade and support for vines,,,,,
Rice,January - February,May - June,Manual,Cut the paddy using a sickle at 80-85% maturity,,,,,,,,,,,Clay loam,Well Irrigation,Apply Azospirillum and Phosphobacteria as biofertilizers,,,,,,,,,,,"Kanchipuram, Vellore, Tiruvannamalai",120,,,,,,,
Blackgram,September - October,December - January,Manual,Uproot the plants when pods turn black,,,,,,,,,,,Sandy loam,Rainfed,Ensure proper drainage to avoid waterlogging,,,,,,,,,,,"Villupuram, Cuddalore, Tirunelveli, Thoothukudi",70,,,,,,,
Greengram,February - March,May - June,Manual,Harvest pods when they turn yellow,,,,,,,,,,,Sandy loam,Well Irrigation,Spray insecticides to control pod borers,,,,,,,,,,,"Erode, Salem, Namakkal",60,,,,,,,
Groundnut,June - July,October - November,Manual,Harvest when pods are mature and kernels are red,,,,,,,,,,,Sandy loam,Well Irrigation,Apply gypsum to improve pod filling,,,,,,,,,,,"Tiruvannamalai, Vellore, Dharmapuri",120,,,,,,,
Sugarcane,January - February,December - January (next year),Manual,Cut the cane at the base when mature,,,,,,,,,,,Clay loam,Canal Irrigation,Apply pressmud as organic manure,,,,,,,,,,,"Tiruchirappalli, Karur, Erode",365,,,,,,,
Cotton,June - July,December - January,Manual,Pick the cotton bolls when fully opened,,,,,,,,,,,Black soil,Well Irrigation,Control bollworms with appropriate insecticides,,,,,,,,,,,"Coimbatore, Tiruppur, Madurai",180,,,,,,,
Maize,February - March,May - June,Manual,Harvest cobs when kernels are hard and dry,,,,,,,,,,,Loamy soil,Well Irrigation,Apply zinc sulphate to correct zinc deficiency,,,,,,,,,,,"Dindigul, Theni, Salem",90,,,,,,,
Sorghum,June - July,October - November,Manual,Harvest the panicles when grains are mature,,,,,,,,,,,Sandy loam,Rainfed,Control shoot fly and stem borer,,,,,,,,,,,"Perambalur, Ariyalur, Karur",110,,,,,,,
Sunflower,January - February,April - May,Manual,Harvest the heads when the back turns yellow,,,,,,,,,,,Loamy soil,Well Irrigation,Protect from bird damage during seed filling,,,,,,,,,,,"Vellore, Tiruvannamalai, Villupuram",90,,,,,,,
Bengal Gram,October - November,January - February,Manual,Harvest when pods are dry and turn brown,,,,,,,,,,,Black soil,Rainfed,Inoculate seeds with Rhizobium culture,,,,,,,,,,,"Theni, Dindigul, Madurai",100,,,,,,,
Sesame,June - July,September - October,Manual,Harvest when capsules turn yellow,,,,,,,,,,,Sandy loam,Rainfed,Provide adequate irrigation at flowering stage,,,,,,,,,,,"Thanjavur, Nagapattinam, Tiruvarur",90,,,,,,,
Coconut,Throughout the year,Throughout the year,Manual,Harvest mature nuts every 45 days,,,,,,,,,,,Sandy loam,Well Irrigation,Regularly apply fertilizers and control pests,,,,,,,,,,,"Coimbatore, Tiruppur, Thanjavur",-,,,,,,,
Banana,Throughout the year,Throughout the year,Manual,Harvest when fingers are three-quarters full,,,,,,,,,,,Clay loam,Well Irrigation,Provide adequate irrigation and nutrient management,,,,,,,,,,,"Theni, Tiruchirappalli, Erode",-,,,,,,,
Mango,March - April,May - June,Manual,Harvest when fruits are mature but still firm,,,,,,,,,,,Loamy soil,Well Irrigation,Control fruit flies and spongy tissue,,,,,,,,,,,"Krishnagiri, Dharmapuri, Salem",-,,,,,,,
Cashew,December - January,April - May,Manual,Harvest when nuts fall from the tree,,,,,,,,,,,Sandy loam,Rainfed,Protect from tea mosquito bug,,,,,,,,,,,"Cuddalore, Pudukkottai, Sivaganga",-,,,,,,,
Tapioca,June - July,February - March (next year),Manual,Harvest when tubers are mature and starch content is high,,,,,,,,,,,Sandy loam,Well Irrigation,Apply potash fertilizers to improve tuber quality,,,,,,,,,,,"Salem, Namakkal, Dharmapuri",300,,,,,,,
Turmeric,April - May,January - February (next year),Manual,Harvest when leaves turn yellow and dry,,,,,,,,,,,Sandy loam,Well Irrigation,Provide shade during initial stages of growth,,,,,,,,,,,"Erode, Salem, Karur",270,,,,,,,
Onion,October - November,February - March,Manual,Harvest when tops fall over and bulbs are mature,,,,,,,,,,,Sandy loam,Well Irrigation,Provide proper drainage to avoid bulb rot,,,,,,,,,,,"Perambalur, Dindigul, Theni",120,,,,,,,
Tomato,Throughout the year,Throughout the year,Manual,Harvest when fruits are fully ripe and red,,,,,,,,,,,Sandy loam,Well Irrigation,Provide support with stakes to prevent fruit rot,,,,,,,,,,,"Dindigul, Krishnagiri, Theni",90,,,,,,,
Brinjal,Throughout the year,Throughout the year,Manual,Harvest when fruits are tender and glossy,,,,,,,,,,,Sandy loam,Well Irrigation,Control shoot and fruit borer,,,,,,,,,,,"Vellore, Tiruvannamalai, Tiruchirappalli",120,,,,,,,
Chilli,Throughout the year,Throughout the year,Manual,Harvest when fruits are fully red and dry,,,,,,,,,,,Sandy loam,Well Irrigation,Control thrips and mites,,,,,,,,,,,"Ramanathapuram, Sivaganga, Virudhunagar",180,,,,,,,
Jasmine,Throughout the year,Throughout the year,Manual,Harvest flowers early in the morning,,,,,,,,,,,Loamy soil,Well Irrigation,Provide regular irrigation and pruning,,,,,,,,,,,"Madurai, Dindigul, Theni",-,,,,,,,
Rose,Throughout the year,Throughout the year,Manual,Harvest flowers when petals are partially open,,,,,,,,,,,Loamy soil,Well Irrigation,Provide regular pruning and fertilization,,,,,,,,,,,"Hosur, Dindigul, Theni",-,,,,,,,
Marigold,Throughout the year,Throughout the year,Manual,Harvest flowers when fully open,,,,,,,,,,,Sandy loam,Well Irrigation,Pinch off the terminal buds to encourage branching,,,,,,,,,,,"Dindigul, Krishnagiri, Salem",90,,,,,,,
Cardamom,June - July,October - November,Manual,Harvest when capsules are mature and green,,,,,,,,,,,Loamy soil,Well Irrigation,Provide shade and control thrips,,,,,,,,,,,"Theni, Dindigul, Tirunelveli",-,,,,,,,
Tea,Throughout the year,Throughout the year,Manual,Pluck two leaves and a bud,,,,,,,,,,,Loamy soil,Rainfed,Provide shade and regular pruning,,,,,,,,,,,Nilgiris,- ,,,,,,,
Coffee,June - July,October - November,Manual,Pick ripe berries,,,,,,,,,,,Loamy soil,Rainfed,Provide shade and regular pruning,,,,,,,,,,,"Dindigul, Theni, Nilgiris",- ,,,,,,,
Rubber,Throughout the year,Throughout the year,Manual,Tap the bark to collect latex,,,,,,,,,,,Laterite soil,Rainfed,Regular tapping and fertilization,,,,,,,,,,,Kanyakumari,- ,,,,,,,
Paddy,June - July,November - December,Manual,Cut the stalks with sickle when grain moisture is around 20%,,,,,,,,,,,Alluvial,Canal,Maintain water level properly.,,,,,,,,,,,"Thanjavur, Tiruvarur, Nagapattinam",150,,,,,,,
Bajra,June-July,September-October,Manual,Cut the earhead when grain matures,,,,,,,,,,,Sandy,Rainfed,Use drought-resistant variety.,,,,,,,,,,,"Tirunelveli, Thoothukudi",90,,,,,,,
Pulses,September-October,January-February,Manual,Harvest when pods are dry,,,,,,,,,,,Black,Rainfed,Apply Rhizobium culture to the seeds.,,,,,,,,,,,"Ariyalur, Perambalur",120,,,,,,,
Oilseeds,July-August,November-December,Manual,Harvest when seeds turn yellow,,,,,,,,,,,Red,Rainfed,Provide proper drainage.,,,,,,,,,,,"Villupuram, Cuddalore",100,,,,,,,
Fodder Crops,Throughout Year,Throughout Year,Manual,Cut and harvest based on growth,,,,,,,,,,,Loamy,Irrigated,Apply fertilizers regularly.,,,,,,,,,,,"Coimbatore, Erode",60,,,,,,,
Gingelly,June-July,September-October,Manual,Harvest when capsules turn yellow,,,,,,,,,,,Sandy,Rainfed,Ensure adequate sunlight.,,,,,,,,,,,"Thanjavur, Tiruvarur",90,,,,,,,
Castor,June-July,January-February,Manual,Harvest when capsules are dry,,,,,,,,,,,Red sandy,Rainfed,Prune regularly for better yield.,,,,,,,,,,,"Salem, Namakkal",240,,,,,,,
Betel Vine,Throughout Year,Throughout Year,Manual,Harvest leaves when they mature,,,,,,,,,,,Loamy,Irrigated,Provide support for climbing.,,,,,,,,,,,"Theni, Dindigul",365,,,,,,,
Tapioca,July-August,February-March,Manual,Harvest when tubers mature,,,,,,,,,,,Sandy loam,Irrigated,Apply Potash fertilizers.,,,,,,,,,,,"Salem, Dharmapuri",270,,,,,,,
Sweet Potato,June-July,October-November,Manual,Harvest when tubers mature,,,,,,,,,,,Sandy,Irrigated,Provide well-drained soil.,,,,,,,,,,,"Kanyakumari, Tirunelveli",120,,,,,,,
Vegetables,Throughout Year,Throughout Year,Manual,Harvest based on maturity,,,,,,,,,,,Loamy,Irrigated,Apply organic fertilizers.,,,,,,,,,,,"Dindigul, Krishnagiri",60,,,,,,,
Flowers,Throughout Year,Throughout Year,Manual,Harvest when fully bloomed,,,,,,,,,,,Loamy,Irrigated,Provide proper irrigation.,,,,,,,,,,,"Madurai, Hosur",60,,,,,,,
Citrus,Throughout Year,Throughout Year,Manual,Harvest when fruits turn color,,,,,,,,,,,Loamy,Irrigated,Prune regularly.,,,,,,,,,,,"Theni, Dindigul",365,,,,,,,
Guava,Throughout Year,Throughout Year,Manual,Harvest when fruits turn yellow,,,,,,,,,,,Loamy,Irrigated,Apply fertilizers regularly.,,,,,,,,,,,"Salem, Dharmapuri",365,,,,,,,
Sapota,Throughout Year,Throughout Year,Manual,Harvest when fruits turn brown,,,,,,,,,,,Loamy,Irrigated,Prune regularly.,,,,,,,,,,,"Theni, Dindigul",365,,,,,,,
Amla,Throughout Year,Throughout Year,Manual,Harvest when fruits are mature,,,,,,,,,,,Loamy,Rainfed,Apply fertilizers regularly.,,,,,,,,,,,"Krishnagiri, Dharmapuri",365,,,,,,,
Jackfruit,Throughout Year,Throughout Year,Manual,Harvest when fruits are mature,,,,,,,,,,,Loamy,Rainfed,Provide support to branches.,,,,,,,,,,,"Cuddalore, Villupuram",365,,,,,,,
Drumstick,Throughout Year,Throughout Year,Manual,Harvest when pods are tender,,,,,,,,,,,Loamy,Rainfed,Prune regularly.,,,,,,,,,,,"Theni, Dindigul",365,,,,,,,
Pomegranate,Throughout Year,Throughout Year,Manual,Harvest when fruits are ripe,,,,,,,,,,,Loamy,Irrigated,Apply fertilizers regularly.,,,,,,,,,,,"Theni, Dindigul",365,,,,,,,
Watermelon,February-March,May-June,Manual,Harvest when the bottom turns yellow,,,,,,,,,,,Sandy loam,Irrigated,Ensure proper drainage.,,,,,,,,,,,"Ariyalur, Perambalur",90,,,,,,,
Cucumber,February-March,May-June,Manual,Harvest when cucumber is of right size,,,,,,,,,,,Sandy loam,Irrigated,Ensure proper drainage.,,,,,,,,,,,"Ariyalur, Perambalur",60,,,,,,,
Ridge Gourd,February-March,May-June,Manual,Harvest when ridge gourd is of right size,,,,,,,,,,,Sandy loam,Irrigated,Ensure proper drainage.,,,,,,,,,,,"Ariyalur, Perambalur",90,,,,,,,
Maize,June - July,October - November,Manual/Mechanical,Harvest when kernels are dented and moisture content is below 20%,,,,,,,"Drip Irrigation, Furrow Irrigation",,,90-100,Well-drained loamy soil,,,,,,,,,,,,,"Coimbatore, Dindigul, Perambalur, Salem",,,,Ensure proper drainage and use recommended hybrids.,,,,
Groundnut,June - July,October - November,Manual,Pull out plants and dry in the sun for a week,,,,,,,"Rainfed, Well Irrigation",,,120-135,Sandy loam,,,,,,,,,,,,,"Villupuram, Tiruvannamalai, Vellore, Dharmapuri",,,,Provide gypsum for better pod filling and control pests and diseases.,,,,
Sugarcane,February - March,January - February (Next Year),Manual,Cut the cane close to the ground level,,,,,,,"Furrow Irrigation, Drip Irrigation",,,365,Clay loam to loam,,,,,,,,,,,,,"Tiruvannamalai, Villupuram, Erode, Namakkal",,,,Apply recommended fertilizers and ensure proper drainage.,,,,
Cotton,June - July,December - January,Manual,Pick bolls as they open,,,,,,,Drip Irrigation,,,180-200,Black cotton soil,,,,,,,,,,,,,"Coimbatore, Madurai, Virudhunagar, Tirunelveli",,,,Control bollworms effectively and defoliate before picking.,,,,
Blackgram,June - July,September - October,Manual,Harvest when pods turn black,,,,,,,"Rainfed, Well Irrigation",,,60-70,Sandy loam to clay loam,,,,,,,,,,,,,"Thanjavur, Nagapattinam, Thiruvarur, Cuddalore",,,,Use Rhizobium culture for nitrogen fixation and manage yellow mosaic virus.,,,,
Greengram,June - July,September - October,Manual,Harvest when pods turn yellow,,,,,,,"Rainfed, Well Irrigation",,,60-70,Sandy loam to clay loam,,,,,,,,,,,,,"Thanjavur, Nagapattinam, Thiruvarur, Cuddalore",,,,Use Rhizobium culture for nitrogen fixation and manage yellow mosaic virus.,,,,
Turmeric,April - May,January - February,Manual,Dig up rhizomes when leaves turn yellow and dry,,,,,,,"Furrow Irrigation, Sprinkler Irrigation",,,270-300,Sandy loam to loam,,,,,,,,,,,,,"Erode, Salem, Karur, Dindigul",,,,Provide partial shade and control rhizome rot.,,,,
Banana,June - July,March - April (Next Year),Manual,Cut the bunch when fingers are three-fourths mature,,,,,,,Drip Irrigation,,,300-365,Loamy soil,,,,,,,,,,,,,"Trichy, Theni, Tirunelveli, Tuticorin",,,,Provide proper support to the plants and manage bunchy top virus.,,,,
Mango,June - July,April - May (Next Year),Manual,Harvest fruits when they are fully mature but still firm,,,,,,,"Rainfed, Well Irrigation",,,365,Sandy loam to loam,,,,,,,,,,,,,"Krishnagiri, Dharmapuri, Salem, Tiruvallur",,,,Control fruit fly and provide proper nutrition.,,,,
Coconut,Throughout the year,Throughout the year,Manual,Harvest nuts when they are mature (11-12 months old),,,,,,,Well Irrigation,,,-,Sandy loam,,,,,,,,,,,,,"Coimbatore, Thanjavur, Kanyakumari, Tirunelveli",,,,Provide proper drainage and manage eriophyid mite.,,,,
Cashew,June - July,February - March (Next Year),Manual,Harvest nuts when they fall to the ground,,,,,,,"Rainfed, Well Irrigation",,,-,Sandy loam to laterite soil,,,,,,,,,,,,,"Cuddalore, Pudukkottai, Sivaganga, Ramanathapuram",,,,Control tea mosquito bug and provide proper nutrition.,,,,
Jasmine,Throughout the year,Throughout the year,Manual,Pick flowers early in the morning,,,,,,,Well Irrigation,,,-,Sandy loam,,,,,,,,,,,,,"Madurai, Dindigul, Theni, Virudhunagar",,,,Provide proper pruning and manage red spider mite.,,,,
Tapioca,June - July,February - March (Next Year),Manual,Harvest tubers when they are mature (8-10 months old),,,,,,,Well Irrigation,,,240-300,Sandy loam,,,,,,,,,,,,,"Salem, Namakkal, Dharmapuri, Krishnagiri",,,,Apply potash-rich fertilizers and control cassava mosaic disease.,,,,
Onion,October - November,February - March,Manual,Harvest when leaves start to dry and fall over,,,,,,,"Well Irrigation, Drip Irrigation",,,120-150,Sandy loam,,,,,,,,,,,,,"Dindigul, Perambalur, Trichy, Tirupur",,,,Ensure proper drainage and control thrips.,,,,
Tomato,June - July,September - October,Manual,Harvest fruits when they are fully ripe and red,,,,,,,Drip Irrigation,,,90-100,Sandy loam to clay loam,,,,,,,,,,,,,"Dindigul, Krishnagiri, Dharmapuri, Salem",,,,Provide proper staking and control fruit borer.,,,,
Brinjal,June - July,September - October,Manual,Harvest fruits when they are tender and glossy,,,,,,,Drip Irrigation,,,120-150,Sandy loam to clay loam,,,,,,,,,,,,,"Dindigul, Trichy, Vellore, Tiruvannamalai",,,,Provide proper staking and control fruit and shoot borer.,,,,
Chilli,June - July,September - October,Manual,Harvest fruits when they are fully ripe and red,,,,,,,Drip Irrigation,,,180-200,Sandy loam to clay loam,,,,,,,,,,,,,"Ramanathapuram, Sivaganga, Virudhunagar, Tirunelveli",,,,Provide proper staking and control thrips and mites.,,,,
Sunflower,June - July,September - October,Manual,Harvest when heads turn brown and seeds are mature,,,,,,,"Well Irrigation, Drip Irrigation",,,90-100,Well-drained loamy soil,,,,,,,,,,,,,"Coimbatore, Erode, Salem, Dharmapuri",,,,Ensure proper pollination and control head borer.,,,,
Sesame,June - July,September - October,Manual,Harvest when capsules turn yellow and seeds are mature,,,,,,,"Rainfed, Well Irrigation",,,90-100,Sandy loam to clay loam,,,,,,,,,,,,,"Thanjavur, Nagapattinam, Thiruvarur, Cuddalore",,,,Control phyllody and provide proper nutrition.,,,,
Cardamom,June - July,October - November (Next Year),Manual,Harvest capsules when they are three-fourths mature,,,,,,,Sprinkler Irrigation,,,-,Loamy soil,,,,,,,,,,,,,"Theni, Dindigul, Tirunelveli",,,,Provide shade and control thrips and capsule rot.,,,,
Tea,Throughout the year,Throughout the year,Manual,Pick tender shoots with two leaves and a bud,,,,,,,Sprinkler Irrigation,,,- ,Acidic soil,,,,,,,,,,,,,"Nilgiris, Coimbatore",,,,Provide proper pruning and manage tea mosquito bug.,,,,
Coffee,June - July,November - December,Manual,Pick ripe berries,,,,,,,"Rainfed, Sprinkler Irrigation",,,- ,Loamy soil,,,,,,,,,,,,,"Dindigul, Theni",,,,Provide shade and control white stem borer.,,,,
Rubber,Throughout the year,Throughout the year,Manual,Tap the bark to collect latex,,,,,,,Rainfed,,,- ,Laterite soil,,,,,,,,,,,,,Kanyakumari,,,,Provide proper tapping and manage fungal diseases.,,,,
Redgram,June - July,December - January,Manual,Harvest when pods turn brown and dry,,,,,,,"Rainfed, Well Irrigation",,,150-180,Sandy loam to clay loam,,,,,,,,,,,,,"Villupuram, Tiruvannamalai, Vellore, Dharmapuri",,,,Control pod borer and provide proper nutrition.,,,,
Casuarina,June - July,3-5 Years,Manual,Cut trees for timber and pulpwood,,,,,,,Rainfed,,,- ,Sandy soil,,,,,,,,,,,,,Coastal Districts,,,,Plant in well-drained areas and manage pests.,,,,
Amla,June - July,November - December,Manual,Harvest fruits when they are mature and turn greenish-yellow,,,,,,,"Rainfed, Well Irrigation",,,- ,Sandy loam to clay loam,,,,,,,,,,,,,"Dharmapuri, Krishnagiri, Vellore",,,,Provide proper pruning and manage fruit rot.,,,,
Jackfruit,June - July,March - April (Next Year),Manual,Harvest fruits when they are mature and emit a strong aroma,,,,,,,Rainfed,,,- ,Loamy soil,,,,,,,,,,,,,"Kanyakumari, Tirunelveli, Theni",,,,Protect fruits from fruit fly.,,,,
Sapota,June - July,November - December (Next Year),Manual,Harvest fruits when they are mature and soft,,,,,,,Well Irrigation,,,- ,Sandy loam,,,,,,,,,,,,,"Dindigul, Theni, Madurai",,,,Provide proper nutrition and control fruit fly.,,,,
Guava,June - July,November - December (Next Year),Manual,Harvest fruits when they are mature and turn yellow-green,,,,,,,Well Irrigation,,,- ,Sandy loam,,,,,,,,,,,,,"Dindigul, Theni, Trichy",,,,Provide proper pruning and control fruit fly.,,,,
Custard Apple,June - July,November - December,Manual,Harvest fruits when they are mature and soft,,,,,,,Rainfed,,,- ,Sandy loam,,,,,,,,,,,,,"Dharmapuri, Krishnagiri, Salem",,,,Protect fruits from fruit fly.,,,,
Papaya,June - July,March - April (Next Year),Manual,Harvest fruits when they are partially ripe and turn yellow,,,,,,,Well Irrigation,,,- ,Sandy loam,,,,,,,,,,,,,"Theni, Dindigul, Madurai",,,,Manage papaya ringspot virus.,,,,
Pomegranate,June - July,November - December (Next Year),Manual,Harvest fruits when they are mature and turn red,,,,,,,Well Irrigation,,,- ,Sandy loam,,,,,,,,,,,,,"Dindigul, Theni, Madurai",,,,Control fruit borer and provide proper nutrition.,,,,
Lime,June - July,Throughout the Year,Manual,Harvest fruits when they are mature and turn yellow-green,,,,,,,Well Irrigation,,,- ,Sandy loam,,,,,,,,,,,,,"Dharmapuri, Krishnagiri, Salem",,,,Provide proper pruning and control citrus canker.,,,,
Sweet Orange,June - July,November - December (Next Year),Manual,Harvest fruits when they are mature and turn orange,,,,,,,Well Irrigation,,,- ,Sandy loam,,,,,,,,,,,,,"Theni, Dindigul, Madurai",,,,Provide proper nutrition and control fruit fly.,,,,
Cluster Beans,June - July,September - October,Manual,Harvest pods when they are tender and green,,,,,,,Rainfed,,,60-70,Sandy loam,,,,,,,,,,,,,"Thanjavur, Nagapattinam, Thiruvarur",,,,Provide proper staking and control pests.,,,,
Amaranthus,June - July,August - September,Manual,Harvest plants when they are tender and green,,,,,,,Rainfed,,,45-60,Sandy loam,,,,,,,,,,,,,"Thanjavur, Nagapattinam, Thiruvarur",,,,Provide proper nutrition and control pests.,,,,
Spinach,June - July,August - September,Manual,Harvest leaves when they are tender and green,,,,,,,Rainfed,,,30-45,Sandy loam,,,,,,,,,,,,,"Thanjavur, Nagapattinam, Thiruvarur",,,,Provide proper nutrition and control pests.,,,,
Fenugreek,June - July,August - September,Manual,Harvest leaves when they are tender and green,,,,,,,Rainfed,,,45-60,Sandy loam,,,,,,,,,,,,,"Thanjavur, Nagapattinam, Thiruvarur",,,,Provide proper nutrition and control pests.,,,,
Ridge Gourd,June - July,September - October,Manual,Harvest fruits when they are tender and green,,,,,,,Rainfed,,,60-70,Sandy loam,,,,,,,,,,,,,"Thanjavur, Nagapattinam, Thiruvarur",,,,Provide proper staking and control pests.,,,,
Snake Gourd,June - July,September - October,Manual,Harvest fruits when they are tender and green,,,,,,,Rainfed,,,60-70,Sandy loam,,,,,,,,,,,,,"Thanjavur, Nagapattinam, Thiruvarur",,,,Provide proper staking and control pests.,,,,
Bitter Gourd,June - July,September - October,Manual,Harvest fruits when they are tender and green,,,,,,,Rainfed,,,60-70,Sandy loam,,,,,,,,,,,,,"Thanjavur, Nagapattinam, Thiruvarur",,,,Provide proper staking and control pests.,,,,
Ash Gourd,June - July,October - November,Manual,Harvest fruits when they are mature and hard,,,,,,,Rainfed,,,90-100,Sandy loam,,,,,,,,,,,,,"Thanjavur, Nagapattinam, Thiruvarur",,,,Provide proper staking and control pests.,,,,
Pumpkin,June - July,October - November,Manual,Harvest fruits when they are mature and hard,,,,,,,Rainfed,,,90-100,Sandy loam,,,,,,,,,,,,,"Thanjavur, Nagapattinam, Thiruvarur",,,,Provide proper staking and control pests.,,,,
Bottle Gourd,June - July,September - October,Manual,Harvest fruits when they are tender and green,,,,,,,Rainfed,,,60-70,Sandy loam,,,,,,,,,,,,,"Thanjavur, Nagapattinam, Thiruvarur",,,,Provide proper staking and control pests.,,,,
Radish,October - November,January - February,Manual,Harvest roots when they are tender and crisp,,,,,,,Well Irrigation,,,30-45,Sandy loam,,,,,,,,,,,,,"Dindigul, Krishnagiri, Dharmapuri",,,,Ensure proper drainage and control pests.,,,,
Carrot,October - November,January - February,Manual,Harvest roots when they are mature and orange,,,,,,,Well Irrigation,,,70-80,Sandy loam,,,,,,,,,,,,,"Dindigul, Krishnagiri, Dharmapuri",,,,Ensure proper drainage and control pests.,,,,
Beetroot,October - November,January - February,Manual,Harvest roots when they are mature and red,,,,,,,Well Irrigation,,,60-70,Sandy loam,,,,,,,,,,,,,"Dindigul, Krishnagiri, Dharmapuri",,,,Ensure proper drainage and control pests.,,,,
Cabbage,October - November,January - February,Manual,Harvest heads when they are firm and compact,,,,,,,Well Irrigation,,,90-100,Sandy loam,,,,,,,,,,,,,"Nilgiris, Dindigul",,,,Ensure proper drainage and control pests.,,,,
Cauliflower,October - November,January - February,Manual,Harvest heads when they are white and compact,,,,,,,Well Irrigation,,,90-100,Sandy loam,,,,,,,,,,,,,"Nilgiris, Dindigul",,,,Ensure proper drainage and control pests.,,,,
Rice,January - February,May - June,Manual,Harvest at 20% moisture content,,,,,,,,,,135,Alluvial,Tank Irrigation,Manage pests and diseases effectively,,,,,,,,,,,,,,,,"Tirunelveli, Kanchipuram",,,
Maize,June - July,October - November,Manual/Combine harvester,Harvest when the husk turns brown and kernels are hard,,,,,,,,,,90,Loamy soil,Drip Irrigation,Apply balanced fertilizers,,,,,,,,,,,,,,,,"Coimbatore, Salem, Dharmapuri",,,
Maize,February - March,June - July,Manual/Combine harvester,Dry the cobs properly after harvest,,,,,,,,,,100,Sandy loam,Sprinkler Irrigation,Control weeds effectively,,,,,,,,,,,,,,,,"Erode, Namakkal",,,
Groundnut,June - July,October - November,Manual/Mechanical digger,Invert the plants for drying after harvest,,,,,,,,,,120,Sandy loam,Well Irrigation,Ensure proper drainage,,,,,,,,,,,,,,,,"Villupuram, Tiruvannamalai",,,
Groundnut,January - February,May - June,Manual/Mechanical digger,Separate pods after drying,,,,,,,,,,130,Red sandy loam,Rainfed,Apply gypsum for better pod filling,,,,,,,,,,,,,,,,"Vellore, Cuddalore",,,
Sugarcane,January - February,January - February (next year),Manual,Cut the cane at ground level,,,,,,,,,,365,Clay loam,Furrow Irrigation,Follow recommended fertilizer schedule,,,,,,,,,,,,,,,,"Erode, Karur, Namakkal",,,
Sugarcane,July - August,July - August (next year),Manual,Remove trash after harvest,,,,,,,,,,365,Loamy soil,Drip Irrigation,Manage red rot disease,,,,,,,,,,,,,,,,"Trichy, Perambalur",,,
Cotton,June - July,December - January,Manual,Pick cotton bolls when fully open,,,,,,,,,,180,Black soil,Well Irrigation,Control bollworms effectively,,,,,,,,,,,,,,,,"Coimbatore, Tirupur",,,
Cotton,February - March,August - September,Manual,Avoid picking during wet weather,,,,,,,,,,200,Sandy loam,Rainfed,Use bio-pesticides,,,,,,,,,,,,,,,,"Madurai, Virudhunagar",,,
Blackgram,June - July,September - October,Manual,Harvest when pods turn black,,,,,,,,,,70,Loamy soil,Well Irrigation,Provide support to prevent lodging,,,,,,,,,,,,,,,,"Thanjavur, Nagapattinam",,,
Blackgram,February - March,May - June,Manual,Dry the plants thoroughly before threshing,,,,,,,,,,80,Sandy loam,Rainfed,Manage yellow mosaic virus,,,,,,,,,,,,,,,,"Tiruvarur, Pudukkottai",,,
Greengram,June - July,September - October,Manual,Harvest when pods mature and turn yellow,,,,,,,,,,60,Sandy loam,Well Irrigation,Control pod borers,,,,,,,,,,,,,,,,"Salem, Dharmapuri",,,
Greengram,February - March,May - June,Manual,Thresh the dried plants to separate grains,,,,,,,,,,70,Red sandy loam,Rainfed,Use disease-resistant varieties,,,,,,,,,,,,,,,,"Krishnagiri, Vellore",,,
Redgram,June - July,January - February,Manual,Harvest when 75-80% of pods mature,,,,,,,,,,180,Red loam,Well Irrigation,Manage pod fly infestation,,,,,,,,,,,,,,,,"Villupuram, Tiruvannamalai",,,
Redgram,February - March,September - October,Manual,Dry the pods properly before threshing,,,,,,,,,,200,Black soil,Rainfed,Intercrop with cereals for better yield,,,,,,,,,,,,,,,,"Vellore, Krishnagiri",,,
Coconut,Throughout the year,Throughout the year,Manual,Harvest matured nuts every 45 days,,,,,,,,,,-,Sandy loam,Irrigation based on Rainfall,Apply organic manure regularly,,,,,,,,,,,,,,,,"Coimbatore, Thanjavur, Kanyakumari",,,
Banana,Throughout the year,12-14 months after planting,Manual,Harvest when fruits are 75% mature,,,,,,,,,,365-420,Clay loam,Drip Irrigation,Provide propping to prevent lodging,,,,,,,,,,,,,,,,"Trichy, Theni, Erode",,,
Turmeric,April - May,January - February,Manual,Harvest when leaves turn yellow and dry,,,,,,,,,,270,Sandy loam,Well Irrigation,Cure rhizomes properly after harvest,,,,,,,,,,,,,,,,"Erode, Salem",,,
Tapioca,June - July,February - March,Manual,Harvest when tubers are mature and starch content is high,,,,,,,,,,270,Sandy loam,Well Irrigation,Apply potash-rich fertilizers,,,,,,,,,,,,,,,,"Salem, Namakkal",,,
Sesame,June - July,September - October,Manual,Harvest when capsules turn yellow and dry,,,,,,,,,,90,Sandy loam,Well Irrigation,Control leaf curl disease,,,,,,,,,,,,,,,,"Thanjavur, Nagapattinam",,,
Sunflower,January - February,April - May,Manual,Harvest when the back of the head turns yellow,,,,,,,,,,100,Black soil,Well Irrigation,Protect from bird damage,,,,,,,,,,,,,,,,"Coimbatore, Erode",,,
Onion,June - July,October - November,Manual,Harvest when 50% of the tops fall over,,,,,,,,,,120,Sandy loam,Well Irrigation,Control thrips effectively,,,,,,,,,,,,,,,,"Dindigul, Perambalur",,,
Tomato,Throughout the year,Throughout the year,Manual,Harvest when fruits turn red and are firm,,,,,,,,,,90,Sandy loam,Drip Irrigation,Provide staking for support,,,,,,,,,,,,,,,,"Dindigul, Krishnagiri",,,
Brinjal,Throughout the year,Throughout the year,Manual,Harvest when fruits are tender and glossy,,,,,,,,,,120,Sandy loam,Drip Irrigation,Control shoot and fruit borer,,,,,,,,,,,,,,,,"Vellore, Tiruvannamalai",,,
Chilli,Throughout the year,Throughout the year,Manual,Harvest when fruits turn red and are dry,,,,,,,,,,180,Sandy loam,Drip Irrigation,Manage leaf curl complex,,,,,,,,,,,,,,,,"Ramanathapuram, Sivaganga",,,
Mango,December - January,May - June,Manual,Harvest when fruits are mature and have a slight change in color,,,,,,,,,,,Red sandy loam,Irrigation during dry spells,Control fruit fly infestation,,,,,,,,,,,,,,,,"Salem, Krishnagiri",,,
Cashew,August - September,February - May,Manual,Collect fallen nuts regularly,,,,,,,,,,,Sandy loam,Rainfed,Protect from tea mosquito bug,,,,,,,,,,,,,,,,"Cuddalore, Pudukkottai",,,
Pepper,June - July,December - January,Manual,Harvest spikes when one or two berries turn red,,,,,,,,,,,Red loam,Irrigation based on Rainfall,Provide support with shade trees,,,,,,,,,,,,,,,,"Theni, Dindigul",,,
Cardamom,June - July,October - November,Manual,Harvest capsules when they are three-fourths ripe,,,,,,,,,,,Red loam,Irrigation based on Rainfall,Control thrips and nematodes,,,,,,,,,,,,,,,,"Theni, Dindigul",,,
Rubber,Throughout the year,Throughout the year,Manual,Tap the trees carefully to collect latex,,,,,,,,,,,Laterite soil,Rainfed,Control fungal diseases,,,,,,,,,,,,,,,,Kanyakumari,,,
Jasmine,Throughout the year,Throughout the year,Manual,Harvest flowers early in the morning,,,,,,,,,,,Sandy loam,Well Irrigation,Provide regular pruning,,,,,,,,,,,,,,,,"Madurai, Dindigul",,,
Rose,Throughout the year,Throughout the year,Manual,Harvest flowers when they are half open,,,,,,,,,,,Red loam,Drip Irrigation,Control black spot disease,,,,,,,,,,,,,,,,"Hosur, Dindigul",,,
Chrysanthemum,Throughout the year,Throughout the year,Manual,Harvest flowers when fully opened,,,,,,,,,,,Red loam,Drip Irrigation,Pinch off lateral buds for bigger flowers,,,,,,,,,,,,,,,,"Hosur, Coimbatore",,,
Marigold,Throughout the year,Throughout the year,Manual,Harvest flowers when fully opened,,,,,,,,,,,Sandy loam,Well Irrigation,Control mites and aphids,,,,,,,,,,,,,,,,"Dindigul, Madurai",,,
Grapes,January - February,June - July,Manual,Harvest when berries are ripe and have desired sugar content,,,,,,,,,,,Red loam,Drip Irrigation,Control downy mildew,,,,,,,,,,,,,,,,"Theni, Coimbatore",,,
Sapota,Throughout the year,Throughout the year,Manual,Harvest when fruit skin turns brown and soft,,,,,,,,,,,Sandy loam,Well Irrigation,Control fruit fly,,,,,,,,,,,,,,,,"Dindigul, Tirunelveli",,,
Guava,Throughout the year,Throughout the year,Manual,Harvest when fruits turn yellowish green and soft,,,,,,,,,,,Sandy loam,Well Irrigation,Provide bagging to protect from pests,,,,,,,,,,,,,,,,"Dindigul, Theni",,,
Amla,August - September,February - March,Manual,Harvest when fruits turn yellowish green and are fully mature,,,,,,,,,,,Red loam,Irrigation during dry spells,Control rust disease,,,,,,,,,,,,,,,,"Dharmapuri, Krishnagiri",,,
Custard Apple,July - August,December - January,Manual,Harvest when fruits turn yellowish green and are slightly soft,,,,,,,,,,,Sandy loam,Irrigation during dry spells,Protect from fruit borer,,,,,,,,,,,,,,,,"Dharmapuri, Krishnagiri",,,
Drumstick,Throughout the year,Throughout the year,Manual,Harvest pods when they are tender and green,,,,,,,,,,,Sandy loam,Well Irrigation,Control pod borer,,,,,,,,,,,,,,,,"Karur, Dindigul",,,
Coriander,June - July,September - October,Manual,Harvest when seeds turn brown and dry,,,,,,,,,,,Sandy loam,Well Irrigation,Control aphids,,,,,,,,,,,,,,,,"Theni, Dindigul",,,
Fenugreek,June - July,September - October,Manual,Harvest when pods turn yellow and dry,,,,,,,,,,,Sandy loam,Well Irrigation,Control downy mildew,,,,,,,,,,,,,,,,"Theni, Dindigul",,,
Mustard,October - November,February - March,Manual,Harvest when pods turn yellow and dry,,,,,,,,,,,Sandy loam,Well Irrigation,Control aphids,,,,,,,,,,,,,,,,"Dharmapuri, Krishnagiri",,,
Cumin,October - November,February - March,Manual,Harvest when seeds turn brown and dry,,,,,,,,,,,Sandy loam,Well Irrigation,Control blight,,,,,,,,,,,,,,,,"Ramanathapuram, Sivaganga",,,
Fennel,June - July,January - February,Manual,Harvest when seeds turn brown and dry,,,,,,,,,,,Sandy loam,Well Irrigation,Control aphids,,,,,,,,,,,,,,,,"Theni, Dindigul",,,
Cluster Bean,June - July,September - October,Manual,Harvest when pods are tender and green,,,,,,,,,,,Sandy loam,Well Irrigation,Control pod borer,,,,,,,,,,,,,,,,"Theni, Dindigul",,,
Ridge Gourd,June - July,September - October,Manual,Harvest when gourds are tender and green,,,,,,,,,,,Sandy loam,Well Irrigation,Control fruit fly,,,,,,,,,,,,,,,,"Theni, Dindigul",,,
Bottle Gourd,June - July,September - October,Manual,Harvest when gourds are tender and green,,,,,,,,,,,Sandy loam,Well Irrigation,Control fruit fly,,,,,,,,,,,,,,,,"Theni, Dindigul",,,
Bitter Gourd,June - July,September - October,Manual,Harvest when gourds are tender and green,,,,,,,,,,,Sandy loam,Well Irrigation,Control fruit fly,,,,,,,,,,,,,,,,"Theni, Dindigul",,,
Rice,December - January,April - May,Manual,Cut the paddy using a sickle at 80-85% maturity,,,,,,,,,"Madurai, Dindigul, Theni",110,Loamy soil,Well Irrigation,Apply balanced fertilizers based on soil test results,,,,,,,,,,,,,,,,,,,
Groundnut,June - July,October - November,Manual/Mechanical,Harvest when pods are mature and inner skin turns reddish-brown,,,,,,,,,"Villupuram, Tiruvannamalai, Vellore",120,Sandy loam,Well Irrigation,Provide adequate drainage to prevent pod rot,,,,,,,,,,,,,,,,,,,
Groundnut,January - February,April - May,Manual/Mechanical,Harvest when pods are mature and inner skin turns reddish-brown,,,,,,,,,"Salem, Namakkal, Dharmapuri",110,Red sandy loam,Drip Irrigation,Control leaf spot disease to maximize yield,,,,,,,,,,,,,,,,,,,
Sugarcane,February - March,January - February (Next Year),Manual,Cut the cane close to the ground,,,,,,,,,"Erode, Karur, Namakkal",365,Clay loam,Furrow Irrigation,Ratoon management is crucial for subsequent yields,,,,,,,,,,,,,,,,,,,
Sugarcane,October - November,September - October (Next Year),Manual,Cut the cane close to the ground,,,,,,,,,"Cuddalore, Villupuram, Tiruvannamalai",365,Loamy soil,Drip Irrigation,Ensure proper drainage to avoid waterlogging,,,,,,,,,,,,,,,,,,,
Cotton,June - July,November - December,Manual/Mechanical,Pick the cotton when the bolls are fully open,,,,,,,,,"Coimbatore, Tiruppur, Erode",180,Black cotton soil,Well Irrigation,Control bollworms and sucking pests effectively,,,,,,,,,,,,,,,,,,,
Cotton,December - January,May - June,Manual/Mechanical,Pick the cotton when the bolls are fully open,,,,,,,,,"Madurai, Virudhunagar, Ramanathapuram",160,Sandy loam,Drip Irrigation,Maintain proper plant spacing for better aeration,,,,,,,,,,,,,,,,,,,
Maize,June - July,October - November,Manual/Mechanical,Harvest when the kernels are mature and the husk turns brown,,,,,,,,,"Ariyalur, Perambalur, Salem",110,Loamy soil,Well Irrigation,Ensure adequate nitrogen fertilization for high yield,,,,,,,,,,,,,,,,,,,
Maize,December - January,April - May,Manual/Mechanical,Harvest when the kernels are mature and the husk turns brown,,,,,,,,,"Dindigul, Theni, Madurai",100,Sandy loam,Drip Irrigation,Control stem borer effectively,,,,,,,,,,,,,,,,,,,
Pulses (Black Gram),June - July,September - October,Manual,Harvest when the pods turn black and dry,,,,,,,,,"Thanjavur, Nagapattinam, Tiruvarur",90,Loamy soil,Rainfed/Well Irrigation,Provide support to prevent lodging,,,,,,,,,,,,,,,,,,,
Pulses (Black Gram),December - January,March - April,Manual,Harvest when the pods turn black and dry,,,,,,,,,"Villupuram, Cuddalore, Tiruvannamalai",80,Sandy loam,Well Irrigation,Control pod borer effectively,,,,,,,,,,,,,,,,,,,
Pulses (Green Gram),June - July,September - October,Manual,Harvest when the pods turn yellow and dry,,,,,,,,,"Trichy, Karur, Perambalur",80,Loamy soil,Rainfed/Well Irrigation,Ensure proper drainage to avoid waterlogging,,,,,,,,,,,,,,,,,,,
Pulses (Green Gram),December - January,March - April,Manual,Harvest when the pods turn yellow and dry,,,,,,,,,"Salem, Namakkal, Dharmapuri",70,Sandy loam,Well Irrigation,Control yellow mosaic virus,,,,,,,,,,,,,,,,,,,
Sunflower,June - July,September - October,Manual,Harvest when the back of the head turns yellow,,,,,,,,,"Vellore, Tirupattur, Ranipet",90,Loamy soil,Well Irrigation,Protect from bird damage,,,,,,,,,,,,,,,,,,,
Sunflower,December - January,March - April,Manual,Harvest when the back of the head turns yellow,,,,,,,,,"Coimbatore, Tiruppur, Erode",80,Black cotton soil,Drip Irrigation,Apply boron for better seed filling,,,,,,,,,,,,,,,,,,,
Onion,June - July,October - November,Manual,Harvest when the tops fall over,,,,,,,,,"Dindigul, Perambalur, Tiruchirappalli",150,Sandy loam,Well Irrigation,Control thrips and purple blotch,,,,,,,,,,,,,,,,,,,
Onion,December - January,April - May,Manual,Harvest when the tops fall over,,,,,,,,,"Theni, Madurai, Virudhunagar",140,Red sandy loam,Drip Irrigation,Ensure proper curing after harvest,,,,,,,,,,,,,,,,,,,
Turmeric,April - May,January - February (Next Year),Manual,Harvest when the leaves turn yellow and dry,,,,,,,,,"Erode, Salem, Karur",270,Sandy loam,Well Irrigation,Provide shade during peak summer,,,,,,,,,,,,,,,,,,,
Tapioca,April - May,January - February (Next Year),Manual,Harvest when the tubers are mature,,,,,,,,,"Salem, Namakkal, Dharmapuri",300,Sandy loam,Well Irrigation,Control cassava mosaic disease,,,,,,,,,,,,,,,,,,,
Coconut,Throughout the year,Throughout the year,Manual,Harvest when the nuts are mature,,,,,,,,,"Coimbatore, Pollachi, Thanjavur",365,Sandy loam,Well Irrigation,Provide adequate irrigation and nutrient management,,,,,,,,,,,,,,,,,,,
Mango,April - May,July - August,Manual,Harvest when the fruits are mature,,,,,,,,,"Krishnagiri, Dharmapuri, Salem",150,Red sandy loam,Well Irrigation,Control fruit fly and powdery mildew,,,,,,,,,,,,,,,,,,,
Banana,Throughout the year,Throughout the year,Manual,Harvest when the fingers are plump and round,,,,,,,,,"Trichy, Theni, Tuticorin",300,Clay loam,Well Irrigation,Provide propping to prevent lodging,,,,,,,,,,,,,,,,,,,
Cashew,February - March,May - June,Manual,Harvest when the nuts fall naturally,,,,,,,,,"Cuddalore, Pudukkottai, Sivaganga",240,Sandy loam,Rainfed,Control tea mosquito bug,,,,,,,,,,,,,,,,,,,
Jasmine,Throughout the year,Throughout the year,Manual,Harvest the flowers early in the morning,,,,,,,,,"Madurai, Dindigul, Theni",365,Sandy loam,Well Irrigation,Provide regular pruning for better flowering,,,,,,,,,,,,,,,,,,,
Marigold,Throughout the year,Throughout the year,Manual,Harvest the flowers when they are fully open,,,,,,,,,"Dindigul, Krishnagiri, Coimbatore",90,Loamy soil,Well Irrigation,Pinch off the terminal buds for bushy growth,,,,,,,,,,,,,,,,,,,
Tomato,June - July,September - October,Manual,Harvest when the fruits are fully ripe,,,,,,,,,"Krishnagiri, Dharmapuri, Salem",90,Sandy loam,Drip Irrigation,Provide staking to support the plants,,,,,,,,,,,,,,,,,,,
Tomato,December - January,March - April,Manual,Harvest when the fruits are fully ripe,,,,,,,,,"Theni, Dindigul, Madurai",80,Red sandy loam,Drip Irrigation,Control early and late blight,,,,,,,,,,,,,,,,,,,
Brinjal,June - July,September - October,Manual,Harvest when the fruits are tender and glossy,,,,,,,,,"Vellore, Tiruvannamalai, Kancheepuram",120,Loamy soil,Well Irrigation,Control fruit and shoot borer,,,,,,,,,,,,,,,,,,,
Brinjal,December - January,March - April,Manual,Harvest when the fruits are tender and glossy,,,,,,,,,"Trichy, Karur, Perambalur",110,Sandy loam,Drip Irrigation,Provide regular irrigation,,,,,,,,,,,,,,,,,,,
Ladies Finger,June - July,September - October,Manual,Harvest when the pods are tender and young,,,,,,,,,"Thanjavur, Nagapattinam, Tiruvarur",60,Loamy soil,Well Irrigation,Control yellow vein mosaic virus,,,,,,,,,,,,,,,,,,,
Ladies Finger,December - January,March - April,Manual,Harvest when the pods are tender and young,,,,,,,,,"Salem, Namakkal, Dharmapuri",50,Sandy loam,Drip Irrigation,Provide regular harvesting,,,,,,,,,,,,,,,,,,,
Chilli,June - July,October - November,Manual,Harvest when the fruits turn red,,,,,,,,,"Ramanathapuram, Sivaganga, Virudhunagar",180,Sandy loam,Well Irrigation,Control thrips and mites,,,,,,,,,,,,,,,,,,,
Chilli,December - January,April - May,Manual,Harvest when the fruits turn red,,,,,,,,,"Theni, Dindigul, Madurai",160,Red sandy loam,Drip Irrigation,Ensure proper drainage,,,,,,,,,,,,,,,,,,,
Tapioca,August - September,May - June (Next Year),Manual,Harvest when the tubers are mature,,,,,,,,,"Villupuram, Salem, Erode",270,Sandy loam,Well Irrigation,Ensure adequate potassium fertilization,,,,,,,,,,,,,,,,,,,
Sweet Potato,July - August,December - January,Manual,Harvest when the tubers are mature,,,,,,,,,"Kancheepuram, Vellore, Tiruvannamalai",150,Sandy loam,Well Irrigation,Control sweet potato weevil,,,,,,,,,,,,,,,,,,,
Banana (Tissue Culture),Throughout the year,Throughout the year,Manual,Harvest when the fingers are plump and round,,,,,,,,,"Theni, Tiruchirappalli, Dindigul",365,Clay Loam,Drip Irrigation,Maintain proper spacing and nutrient management,,,,,,,,,,,,,,,,,,,
Papaya,Throughout the year,Throughout the year,Manual,Harvest when the fruits turn yellow-orange,,,,,,,,,"Krishnagiri, Dharmapuri, Salem",300,Sandy Loam,Drip Irrigation,Protect from papaya ring spot virus,,,,,,,,,,,,,,,,,,,
Guava,July-August,December-January,Manual,Harvest when the fruits turn yellowish-green,,,,,,,,,"Dindigul, Theni, Madurai",240,Loamy Soil,Well Irrigation,Prune regularly to encourage fruiting,,,,,,,,,,,,,,,,,,,
Sapota,Throughout the year,Throughout the year,Manual,Harvest when the skin is smooth and brown,,,,,,,,,"Kancheepuram, Tiruvallur, Vellore",365,Sandy Loam,Well Irrigation,Protect from fruit fly,,,,,,,,,,,,,,,,,,,
Ginger,April - May,January - February (Next Year),Manual,Harvest when the leaves turn yellow and dry,,,,,,,,,"Nilgiris, Dindigul, Theni",240,Sandy Loam,Well Irrigation,Provide shade during peak summer,,,,,,,,,,,,,,,,,,,
Cardamom,June - July,November - December,Manual,Harvest when the capsules are mature and green,,,,,,,,,"Theni, Dindigul, Tirunelveli",365,Loamy Soil,Well Irrigation,Provide shade and proper drainage,,,,,,,,,,,,,,,,,,,
Tea,Throughout the year,Throughout the year,Manual,Harvest the tender shoots,,,,,,,,,"Nilgiris, Coimbatore",365,Acidic Soil,Rainfed/Sprinkler Irrigation,Prune regularly to maintain the plucking table,,,,,,,,,,,,,,,,,,,
Coffee,June - July,November - December,Manual,Harvest when the berries are ripe and red,,,,,,,,,"Dindigul, Theni, Nilgiris",365,Loamy Soil,Rainfed/Well Irrigation,Provide shade and proper drainage,,,,,,,,,,,,,,,,,,,
Pepper,June - July,January - February (Next Year),Manual,Harvest when the spikes turn red,,,,,,,,,"Theni, Tirunelveli, Dindigul",365,Loamy Soil,Well Irrigation,Provide support and proper drainage,,,,,,,,,,,,,,,,,,,
Coriander,October - November,January - February,Manual,Harvest when the leaves are fully grown or seeds are mature,,,,,,,,,"Theni, Madurai, Dindigul",90,Loamy Soil,Well Irrigation,Protect from leaf spot disease,,,,,,,,,,,,,,,,,,,
Curry Leaf,Throughout the year,Throughout the year,Manual,Harvest the leaves regularly,,,,,,,,,"Theni, Madurai, Dindigul",365,Sandy Loam,Well Irrigation,Provide regular pruning,,,,,,,,,,,,,,,,,,,
Sorghum,June - July,October - November,Manual/Mechanical,Harvest when the grains are mature,,,,,,,,,"Coimbatore, Erode, Tiruppur",120,Loamy Soil,Rainfed/Well Irrigation,Use drought-resistant varieties,,,,,,,,,,,,,,,,,,,
Ragi,June - July,October - November,Manual,Harvest when the grains are mature,,,,,,,,,"Krishnagiri, Dharmapuri, Salem",110,Sandy Loam,Rainfed/Well Irrigation,Control blast disease,,,,,,,,,,,,,,,,,,,
Rice,January - February,May - June,Manual,Cut the paddy using a sickle at 80-85% maturity,,,,,,,,,,110,Clay loam,Tank Irrigation,Ensure proper water management to prevent lodging,,,,,,,,,,,,,,,,"Kancheepuram, Vellore, Tiruvannamalai",,,
Rice,September - October,February - March,Manual,Cut the paddy using a sickle at 80-85% maturity,,,,,,,,,,130,Clay loam,Well Irrigation,Apply recommended fertilizer doses for optimal yield,,,,,,,,,,,,,,,,"Nagapattinam, Tiruvarur, Pudukottai",,,
Groundnut,June - July,October - November,Manual,Uproot plants when pods are mature and kernels are reddish-brown,,,,,,,,,,120,Sandy loam,Rainfed,Provide adequate drainage to prevent fungal diseases,,,,,,,,,,,,,,,,"Villupuram, Tiruvannamalai, Cuddalore",,,
Groundnut,January - February,May - June,Manual,Uproot plants when pods are mature and kernels are reddish-brown,,,,,,,,,,135,Sandy loam,Well Irrigation,Control leaf spot diseases with appropriate fungicides,,,,,,,,,,,,,,,,"Salem, Dharmapuri, Krishnagiri",,,
Sugarcane,January - February,January - February (next year),Manual/Mechanical,Harvest when brix reading is between 18-20%,,,,,,,,,,365,Loamy soil,Furrow Irrigation,Apply recommended fertilizer doses and irrigate regularly,,,,,,,,,,,,,,,,"Tiruvallur, Kancheepuram, Vellore",,,
Sugarcane,June - July,June - July (next year),Manual/Mechanical,Harvest when brix reading is between 18-20%,,,,,,,,,,365,Loamy soil,Furrow Irrigation,Monitor for pests like sugarcane borers and take control measures,,,,,,,,,,,,,,,,"Erode, Karur, Namakkal",,,
Cotton,June - July,November - December,Manual,Pick cotton when bolls are fully open and lint is fluffy,,,,,,,,,,180,Black soil,Well Irrigation,Control bollworms with appropriate insecticides,,,,,,,,,,,,,,,,"Coimbatore, Tirupur, Erode",,,
Cotton,January - February,June - July,Manual,Pick cotton when bolls are fully open and lint is fluffy,,,,,,,,,,200,Black soil,Rainfed,Ensure proper spacing between plants for better aeration,,,,,,,,,,,,,,,,"Virudhunagar, Madurai, Ramanathapuram",,,
Maize,June - July,October - November,Manual,Harvest when kernels are hard and dry,,,,,,,,,,100,Sandy loam,Well Irrigation,Apply nitrogen fertilizers in split doses,,,,,,,,,,,,,,,,"Dindigul, Theni, Madurai",,,
Maize,January - February,May - June,Manual,Harvest when kernels are hard and dry,,,,,,,,,,90,Sandy loam,Drip Irrigation,Control stem borer with appropriate insecticides,,,,,,,,,,,,,,,,"Salem, Namakkal, Dharmapuri",,,
Blackgram,June - July,September - October,Manual,Harvest when pods are black and dry,,,,,,,,,,75,Sandy loam,Rainfed,Provide adequate drainage to prevent waterlogging,,,,,,,,,,,,,,,,"Thanjavur, Trichy, Pudukottai",,,
Blackgram,January - February,April - May,Manual,Harvest when pods are black and dry,,,,,,,,,,80,Sandy loam,Well Irrigation,Control pod borer with appropriate insecticides,,,,,,,,,,,,,,,,"Villupuram, Cuddalore, Tiruvannamalai",,,
Greengram,June - July,September - October,Manual,Harvest when pods are yellow and dry,,,,,,,,,,65,Sandy loam,Rainfed,Ensure timely weeding to reduce competition,,,,,,,,,,,,,,,,"Tiruvarur, Nagapattinam, Mayiladuthurai",,,
Greengram,January - February,April - May,Manual,Harvest when pods are yellow and dry,,,,,,,,,,70,Sandy loam,Well Irrigation,Apply phosphorus fertilizers for better root development,,,,,,,,,,,,,,,,"Coimbatore, Erode, Tirupur",,,
Cholam,June - July,October - November,Manual,Harvest when grains are hard and dry,,,,,,,,,,110,Red sandy loam,Rainfed,Control shoot fly with appropriate insecticides,,,,,,,,,,,,,,,,"Perambalur, Ariyalur, Tiruchirappalli",,,
Cholam,January - February,May - June,Manual,Harvest when grains are hard and dry,,,,,,,,,,100,Red sandy loam,Well Irrigation,Apply potash fertilizers for better grain filling,,,,,,,,,,,,,,,,"Dharmapuri, Krishnagiri, Salem",,,
Cumbu,June - July,September - October,Manual,Harvest when grains are hard and dry,,,,,,,,,,80,Sandy soil,Rainfed,Control downy mildew with appropriate fungicides,,,,,,,,,,,,,,,,"Tuticorin, Tirunelveli, Ramanathapuram",,,
Cumbu,January - February,April - May,Manual,Harvest when grains are hard and dry,,,,,,,,,,75,Sandy soil,Well Irrigation,Apply nitrogen fertilizers in split doses,,,,,,,,,,,,,,,,"Theni, Dindigul, Madurai",,,
Sunflower,June - July,October - November,Manual,Harvest when heads turn brown and seeds are mature,,,,,,,,,,90,Black soil,Well Irrigation,Control head borer with appropriate insecticides,,,,,,,,,,,,,,,,"Vellore, Tiruvannamalai, Villupuram",,,
Sunflower,January - February,May - June,Manual,Harvest when heads turn brown and seeds are mature,,,,,,,,,,100,Black soil,Drip Irrigation,Ensure proper pollination for better seed set,,,,,,,,,,,,,,,,"Perambalur, Ariyalur, Tiruchirappalli",,,
Onion,September - October,February - March,Manual,Harvest when tops start to fall over,,,,,,,,,,150,Sandy loam,Well Irrigation,Provide adequate drainage to prevent bulb rot,,,,,,,,,,,,,,,,"Dindigul, Theni, Tirupur",,,
Onion,December - January,May - June,Manual,Harvest when tops start to fall over,,,,,,,,,,140,Sandy loam,Drip Irrigation,Apply nitrogen and potash fertilizers for better bulb development,,,,,,,,,,,,,,,,"Perambalur, Ariyalur, Tiruchirappalli",,,
Tomato,June - July,October - November,Manual,Harvest when fruits are fully ripe and red,,,,,,,,,,90,Sandy loam,Drip Irrigation,Provide staking support to prevent fruit rot,,,,,,,,,,,,,,,,"Krishnagiri, Dharmapuri, Salem",,,
Tomato,January - February,May - June,Manual,Harvest when fruits are fully ripe and red,,,,,,,,,,80,Sandy loam,Drip Irrigation,Control fruit borer with appropriate insecticides,,,,,,,,,,,,,,,,"Dindigul, Theni, Madurai",,,
Brinjal,June - July,October - November,Manual,Harvest when fruits are tender and glossy,,,,,,,,,,120,Sandy loam,Drip Irrigation,Control shoot and fruit borer with appropriate insecticides,,,,,,,,,,,,,,,,"Vellore, Tiruvannamalai, Villupuram",,,
Brinjal,January - February,May - June,Manual,Harvest when fruits are tender and glossy,,,,,,,,,,110,Sandy loam,Drip Irrigation,Apply nitrogen and phosphorus fertilizers for better fruit yield,,,,,,,,,,,,,,,,"Krishnagiri, Dharmapuri, Salem",,,
Chilli,June - July,October - November,Manual,Harvest when fruits are red and dry,,,,,,,,,,150,Sandy loam,Well Irrigation,Control thrips and mites with appropriate insecticides,,,,,,,,,,,,,,,,"Ramanathapuram, Sivaganga, Virudhunagar",,,
Chilli,January - February,May - June,Manual,Harvest when fruits are red and dry,,,,,,,,,,140,Sandy loam,Drip Irrigation,Apply potash fertilizers for better fruit color and pungency,,,,,,,,,,,,,,,,"Dindigul, Theni, Madurai",,,
Turmeric,April - May,January - February (next year),Manual,Harvest when leaves turn yellow and dry,,,,,,,,,,270,Sandy loam,Well Irrigation,Provide adequate drainage to prevent rhizome rot,,,,,,,,,,,,,,,,"Erode, Salem, Dharmapuri",,,
Tapioca,June - July,April - May (next year),Manual,Harvest when tubers are mature and skin is thick,,,,,,,,,,300,Sandy loam,Well Irrigation,Apply potash fertilizers for better tuber development,,,,,,,,,,,,,,,,"Salem, Namakkal, Dharmapuri",,,
Banana,Throughout the year,Throughout the year,Manual,Harvest when fingers are plump and yellow-green,,,,,,,,,,365,Loamy soil,Drip Irrigation,Provide propping support to prevent lodging,,,,,,,,,,,,,,,,"Trichy, Karur, Theni",,,
Mango,April - May,July - August,Manual,Harvest when fruits are mature and skin color changes,,,,,,,,,,120,Red sandy loam,Well Irrigation,Control fruit fly with appropriate insecticides,,,,,,,,,,,,,,,,"Krishnagiri, Dharmapuri, Salem",,,
Cashew,February - March,May - June,Manual,Harvest when nuts fall from the tree,,,,,,,,,,100,Sandy loam,Rainfed,Control tea mosquito bug with appropriate insecticides,,,,,,,,,,,,,,,,"Cuddalore, Villupuram, Tiruvannamalai",,,
Coconut,Throughout the year,Throughout the year,Manual,Harvest when nuts are mature and husk is brown,,,,,,,,,,365,Sandy loam,Well Irrigation,Apply fertilizers and provide irrigation regularly,,,,,,,,,,,,,,,,"Thanjavur, Trichy, Kanyakumari",,,
Sesame,June - July,September - October,Manual,Harvest when capsules turn yellow and dry,,,,,,,,,,90,Sandy loam,Rainfed,Control leaf curl virus with appropriate insecticides,,,,,,,,,,,,,,,,"Tiruvannamalai, Villupuram, Cuddalore",,,
Castor,June - July,December - January,Manual,Harvest when capsules are dry and spiny,,,,,,,,,,180,Sandy loam,Rainfed,Control capsule borer with appropriate insecticides,,,,,,,,,,,,,,,,"Virudhunagar, Ramanathapuram, Sivaganga",,,
Pulses (General),October - November,January - February,Manual,Harvest when pods are dry and mature,,,,,,,,,,90-120,Loam,Rainfed,Incorporate bio-fertilizers,,,,,,,,,,,,,,,,Rainfed areas,,,
Millets (General),June-July,September-October,Manual,Cut stalks when grains are mature,,,,,,,,,,80-100,Sandy Loam,Rainfed,Use drought-resistant varieties,,,,,,,,,,,,,,,,Rainfed areas,,,
Oilseeds (General),June-July,September-October,Manual,Harvest when pods/seeds are dry,,,,,,,,,,90-120,Sandy Loam,Rainfed,Ensure proper drainage,,,,,,,,,,,,,,,,Rainfed areas,,,
Vegetables (General),Throughout the Year,Varies,Manual,Harvest when produce is ripe,,,,,,,,,,60-90,Loam,Drip Irrigation,Regular watering is necessary,,,,,,,,,,,,,,,,Various,,,
Fruits (General),Varies,Varies,Manual,Harvest when fruits ripen,,,,,,,,,,Varies,Sandy Loam,Well Irrigation,Pruning and training required,,,,,,,,,,,,,,,,Various,,,
Spices (General),Varies,Varies,Manual,Harvest when spice is mature,,,,,,,,,,Varies,Loam,Well Irrigation,Provide shade,,,,,,,,,,,,,,,,Various,,,
Cardamom," ""June - July""",December - January,Manual,Harvest when capsules turn green and mature,,,,,,,,,,240,Loamy soil,Sprinkler Irrigation,Ensure good drainage to prevent root rot,,,,,,,,,,,,,,,,"Theni, Dindigul",,,
Rubber,Throughout the year (tapping),Throughout the year (tapping),Manual,Tap the bark carefully to extract latex,,,,,,,,,,Perennial,Loamy Soil,Rainfed supplemented by Sprinkler,Use appropriate tapping techniques,,,,,,,,,,,,,,,,Kanyakumari,,,
Jasmine,Throughout the year,Throughout the year,Manual,Pick flowers early in the morning before sunrise,,,,,,,,,,Perennial,Sandy Loam,Drip Irrigation,Regular pruning and fertilization required,,,,,,,,,,,,,,,,"Madurai, Dindigul, Theni",,,
Rose,Throughout the year,Throughout the year,Manual,Cut stems with flowers early in the morning,,,,,,,,,,Perennial,Loamy Soil,Drip Irrigation,Regular pruning and disease management,,,,,,,,,,,,,,,,"Hosur, Krishnagiri, Dharmapuri",,,
Moringa,Throughout the year,Throughout the year,Manual,Harvest pods when tender and green,,,,,,,,,,Perennial,Sandy Loam,Well Irrigation,Regular pruning and pest management,,,,,,,,,,,,,,,,"Karur, Dindigul, Trichy",,,
Tapioca Starch Production,June - July,April - May (next year),Mechanical,Utilize mechanized harvesters and processing methods for efficient starch extraction.,,,,,,,,,,300,Sandy loam,Well Irrigation,Optimize starch extraction process for maximum yield.,,,,,,,,,,,,,,,,"Salem, Namakkal, Dharmapuri",,,
,,,,,,,,,,,,,,,,,,Rice,June - July,November - December,Manual,Cut the paddy using a sickle at 80-85% maturity,"Thanjavur, Trichy",120,Clay loam,Canal Irrigation,Use high-yield varieties and proper spacing,,,,,,,,,
,,,,,,,,,,,,,,,,,,Rice,January - February,May - June,Manual,Harvest at physiological maturity to prevent grain shattering.,"Kancheepuram, Tiruvallur",110,Clay loam,Well Irrigation,Apply balanced fertilizers based on soil test results,,,,,,,,,
,,,,,,,,,,,,,,,,,,Groundnut,June - July,October - November,Manual/Mechanical,Harvest when 75% of the pods are mature.,"Villupuram, Tiruvannamalai",120,Sandy loam,Well Irrigation,Ensure proper drainage to prevent pod rot,,,,,,,,,
,,,,,,,,,,,,,,,,,,Groundnut,January - February,April - May,Manual/Mechanical,Dry the harvested plants for a week before threshing.,"Salem, Dharmapuri",110,Sandy loam,Drip Irrigation,Control leaf spot and rust diseases,,,,,,,,,
,,,,,,,,,,,,,,,,,,Sugarcane,January - February,January - February (Next Year),Manual/Mechanical,Harvest when brix reaches optimum level.,"Cuddalore, Vellore",365,Loamy soil,Canal Irrigation,Apply adequate potash for increased sugar content,,,,,,,,,
,,,,,,,,,,,,,,,,,,Sugarcane,June - July,June - July (Next Year),Manual/Mechanical,Cut the cane close to the ground for maximum yield.,"Erode, Karur",365,Loamy soil,Drip Irrigation,Practice ratooning for higher returns,,,,,,,,,
,,,,,,,,,,,,,,,,,,Cotton,June - July,November - December,Manual,Pick cotton when bolls are fully open.,"Coimbatore, Tirupur",180,Black soil,Well Irrigation,Control bollworms effectively,,,,,,,,,
,,,,,,,,,,,,,,,,,,Cotton,January - February,June - July,Manual,Harvest cotton in multiple pickings to ensure quality.,"Madurai, Theni",160,Black soil,Drip Irrigation,Use Bt cotton varieties to minimize pesticide use,,,,,,,,,
,,,,,,,,,,,,,,,,,,Maize,June - July,October - November,Manual/Mechanical,Harvest when kernels are hard and moisture content is low.,"Perambalur, Ariyalur",110,Loamy soil,Well Irrigation,Provide adequate nitrogen for higher grain yield,,,,,,,,,
,,,,,,,,,,,,,,,,,,Maize,January - February,May - June,Manual/Mechanical,Dry the harvested cobs properly before storage.,"Dindigul, Virudhunagar",90,Loamy soil,Drip Irrigation,Practice intercropping with legumes,,,,,,,,,
,,,,,,,,,,,,,,,,,,Pulses (Black Gram),June - July,September - October,Manual,Harvest when pods turn black and dry.,"Nagapattinam, Tiruvarur",90,Sandy loam,Rainfed,Ensure proper drainage during heavy rainfall,,,,,,,,,
,,,,,,,,,,,,,,,,,,Pulses (Black Gram),January - February,April - May,Manual,Thresh the harvested plants gently to avoid seed damage.,"Thoothukudi, Tirunelveli",75,Sandy loam,Well Irrigation,Inoculate seeds with Rhizobium for better nodulation,,,,,,,,,
,,,,,,,,,,,,,,,,,,Pulses (Green Gram),June - July,September - October,Manual,Harvest when pods turn yellow and dry.,"Sivagangai, Ramanathapuram",70,Sandy loam,Rainfed,Spray insecticides to control pod borers,,,,,,,,,
,,,,,,,,,,,,,,,,,,Pulses (Green Gram),January - February,April - May,Manual,Dry the harvested plants for a few days before threshing.,"Pudukkottai, Thanjavur",60,Sandy loam,Well Irrigation,Apply phosphorus for better root development,,,,,,,,,
,,,,,,,,,,,,,,,,,,Coconut,Throughout the year,Throughout the year,Manual,Harvest when nuts are mature and husk is dry.,"Kanyakumari, Thanjavur",365,Sandy loam,Well Irrigation,Provide regular irrigation and fertilizer application,,,,,,,,,
,,,,,,,,,,,,,,,,,,Coconut,Throughout the year,Throughout the year,Manual,Use a coconut plucker for safe harvesting.,"Coimbatore, Tirupur",365,Sandy loam,Drip Irrigation,Control rhinoceros beetle and red palm weevil,,,,,,,,,
,,,,,,,,,,,,,,,,,,Banana,Throughout the year,Throughout the year,Manual,Harvest when fingers are plump and angularity is lost.,"Trichy, Theni",300,Clay loam,Well Irrigation,Provide adequate potassium for better fruit quality,,,,,,,,,
,,,,,,,,,,,,,,,,,,Banana,Throughout the year,Throughout the year,Manual,Handle the bunches carefully to avoid bruising.,"Tirunelveli, Thoothukudi",300,Clay loam,Drip Irrigation,Control Panama disease and Sigatoka leaf spot,,,,,,,,,
,,,,,,,,,,,,,,,,,,Mango,April - May,July - August,Manual,Harvest when fruits are mature and skin color changes.,"Krishnagiri, Dharmapuri",120,Loamy soil,Well Irrigation,Control fruit fly and powdery mildew,,,,,,,,,
,,,,,,,,,,,,,,,,,,Mango,April - May,July - August,Manual,Use a mango harvester for efficient harvesting.,"Salem, Vellore",120,Loamy soil,Drip Irrigation,Apply calcium nitrate to prevent fruit cracking,,,,,,,,,
,,,,,,,,,,,,,,,,,,Cashew,January - February,April - May,Manual,Harvest when nuts are fully mature and drop naturally.,"Cuddalore, Pudukkottai",100,Sandy loam,Rainfed,Control tea mosquito bug,,,,,,,,,
,,,,,,,,,,,,,,,,,,Cashew,January - February,April - May,Manual,Collect the nuts regularly to prevent spoilage.,"Sivagangai, Ramanathapuram",100,Sandy loam,Well Irrigation,Apply boron for better nut setting,,,,,,,,,
,,,,,,,,,,,,,,,,,,Tapioca,June - July,February - March,Manual,Harvest when tubers are mature and starch content is high.,"Salem, Namakkal",240,Sandy loam,Well Irrigation,Control cassava mosaic disease,,,,,,,,,
,,,,,,,,,,,,,,,,,,Tapioca,June - July,February - March,Manual,Cut the stem close to the ground for easy harvesting.,"Villupuram, Tiruvannamalai",240,Sandy loam,Drip Irrigation,Apply potash for increased starch content,,,,,,,,,
,,,,,,,,,,,,,,,,,,Turmeric,April - May,January - February,Manual,Harvest when leaves turn yellow and dry.,"Erode, Karur",270,Loamy soil,Well Irrigation,Control rhizome rot disease,,,,,,,,,
,,,,,,,,,,,,,,,,,,Turmeric,April - May,January - February,Manual,Cure the rhizomes properly before marketing.,"Trichy, Perambalur",270,Loamy soil,Drip Irrigation,Apply zinc sulfate for better growth,,,,,,,,,
,,,,,,,,,,,,,,,,,,Chilli,June - July,October - November,Manual,Harvest when fruits turn red and dry.,"Ramanathapuram, Sivagangai",150,Sandy loam,Well Irrigation,Control thrips and mites,,,,,,,,,
,,,,,,,,,,,,,,,,,,Chilli,January - February,May - June,Manual,Pick the fruits regularly to encourage further flowering.,"Virudhunagar, Thoothukudi",120,Sandy loam,Drip Irrigation,Apply calcium nitrate to prevent blossom end rot,,,,,,,,,
,,,,,,,,,,,,,,,,,,Onion,October - November,February - March,Manual,Harvest when tops fall over and bulbs are mature.,"Perambalur, Ariyalur",120,Loamy soil,Well Irrigation,Control thrips and purple blotch,,,,,,,,,
,,,,,,,,,,,,,,,,,,Onion,June - July,October - November,Manual,Dry the bulbs properly before storage.,"Dindigul, Theni",100,Loamy soil,Drip Irrigation,Apply sulfur for better bulb quality,,,,,,,,,
,,,,,,,,,,,,,,,,,,Tomato,June - July,October - November,Manual,Harvest when fruits turn red and are firm.,"Krishnagiri, Dharmapuri",120,Sandy loam,Well Irrigation,Control early blight and late blight,,,,,,,,,
,,,,,,,,,,,,,,,,,,Tomato,January - February,May - June,Manual,Pick the fruits regularly to encourage further flowering.,"Salem, Vellore",100,Sandy loam,Drip Irrigation,Apply calcium nitrate to prevent blossom end rot,,,,,,,,,
,,,,,,,,,,,,,,,,,,Brinjal,June - July,October - November,Manual,Harvest when fruits are glossy and tender.,"Vellore, Tiruvannamalai",150,Sandy loam,Well Irrigation,Control shoot and fruit borer,,,,,,,,,
,,,,,,,,,,,,,,,,,,Brinjal,January - February,May - June,Manual,Pick the fruits regularly to encourage further flowering.,"Villupuram, Cuddalore",120,Sandy loam,Drip Irrigation,Apply micronutrients for better fruit quality,,,,,,,,,
,,,,,,,,,,,,,,,,,,Okra,June - July,October - November,Manual,Harvest when pods are tender and young.,"Trichy, Perambalur",90,Sandy loam,Well Irrigation,Control yellow vein mosaic virus,,,,,,,,,
,,,,,,,,,,,,,,,,,,Okra,January - February,May - June,Manual,Pick the pods regularly to encourage further flowering.,"Ariyalur, Karur",75,Sandy loam,Drip Irrigation,Apply boron for better pod setting,,,,,,,,,
,,,,,,,,,,,,,,,,,,Jasmine,Throughout the year,Throughout the year,Manual,Harvest when buds are fully developed and about to open.,"Madurai, Dindigul",365,Loamy soil,Well Irrigation,Provide regular irrigation and fertilizer application,,,,,,,,,
,,,,,,,,,,,,,,,,,,Jasmine,Throughout the year,Throughout the year,Manual,Harvest in the early morning for best fragrance.,"Theni, Virudhunagar",365,Loamy soil,Drip Irrigation,Control bud borer and red spider mite,,,,,,,,,
,,,,,,,,,,,,,,,,,,Marigold,Throughout the year,Throughout the year,Manual,Harvest when flowers are fully open.,"Coimbatore, Tirupur",90,Loamy soil,Well Irrigation,Provide regular irrigation and fertilizer application,,,,,,,,,
,,,,,,,,,,,,,,,,,,Marigold,Throughout the year,Throughout the year,Manual,Harvest at the right stage for optimal color and size.,"Erode, Namakkal",90,Loamy soil,Drip Irrigation,Control aphids and whiteflies,,,,,,,,,
,,,,,,,,,,,,,,,,,,Rose,Throughout the year,Throughout the year,Manual,Harvest when buds are half open.,"Nilgiris, Dindigul",365,Loamy soil,Well Irrigation,Provide regular irrigation and fertilizer application,,,,,,,,,
,,,,,,,,,,,,,,,,,,Rose,Throughout the year,Throughout the year,Manual,Harvest in the early morning for best fragrance.,"Madurai, Theni",365,Loamy soil,Drip Irrigation,Control thrips and black spot,,,,,,,,,
,,,,,,,,,,,,,,,,,,Cardamom,June - July,October - November,Manual,Harvest when capsules are three-fourths ripe.,"Theni, Dindigul",270,Loamy soil,Well Irrigation,Provide shade and regular irrigation,,,,,,,,,
,,,,,,,,,,,,,,,,,,Cardamom,June - July,October - November,Manual,Dry the capsules properly before storage.,"Tirunelveli, Kanyakumari",270,Loamy soil,Rainfed,Control thrips and capsule rot,,,,,,,,,
,,,,,,,,,,,,,,,,,,Coffee,April - May,November - December,Manual,Harvest when cherries are fully ripe and red.,"Dindigul, Theni",240,Loamy soil,Well Irrigation,Provide shade and regular irrigation,,,,,,,,,
,,,,,,,,,,,,,,,,,,Coffee,April - May,November - December,Manual,Pick the cherries carefully to avoid damage.,"Nilgiris, Coimbatore",240,Loamy soil,Rainfed,Control coffee berry borer,,,,,,,,,
,,,,,,,,,,,,,,,,,,Rubber,Throughout the year,Throughout the year,Manual,Tap the trees carefully to avoid damage.,"Kanyakumari, Tirunelveli",365,Loamy soil,Rainfed,Control fungal diseases,,,,,,,,,
,,,,,,,,,,,,,,,,,,Rubber,Throughout the year,Throughout the year,Manual,Collect the latex regularly.,"Coimbatore, Erode",365,Loamy soil,Well Irrigation,Apply fertilizers for better latex production,,,,,,,,,
,,,,,,,,,,,,,,,,,,Sunflower,June - July,October - November,Manual,Harvest when back of the head turns yellow.,"Perambalur, Ariyalur",100,Loamy soil,Well Irrigation,Control head borer,,,,,,,,,
,,,,,,,,,,,,,,,,,,Sunflower,January - February,April - May,Manual,Dry the heads properly before threshing.,"Trichy, Karur",90,Loamy soil,Drip Irrigation,Apply boron for better seed setting,,,,,,,,,
Groundnut,June - July,October - November,Manual/Mechanical,Uproot the plants when pods are mature; dry in the sun.,,105-120,"Sandy loam, Red soil",,,,"Well Irrigation, Rainfed",,,,,,,,,,,,,,,,,"Villupuram, Tiruvannamalai, Vellore, Salem",,,,Ensure adequate moisture at pod formation stage. Control leaf spot diseases.,,,,
Sugarcane,January - February,December - January (Next Year),Manual,Harvest cane by cutting near ground level when mature.,,300-365,"Loamy soil, Clay loam",,,,"Furrow Irrigation, Drip Irrigation",,,,,,,,,,,,,,,,,"Cuddalore, Villupuram, Erode, Karur",,,,Plant setts horizontally for better germination. Manage pests and diseases effectively.,,,,
Cotton,June - July,December - January,Manual,Pick bolls manually when fully open.,,180-200,"Black soil, Sandy loam",,,,"Well Irrigation, Rainfed",,,,,,,,,,,,,,,,,"Coimbatore, Tirupur, Erode, Madurai",,,,Use Bt cotton varieties. Control bollworms and sucking pests.,,,,
Maize,June - July,October - November,Manual/Mechanical,Harvest when the husks turn brown and kernels are hard.,,90-100,"Sandy loam, Red soil",,,,"Well Irrigation, Drip Irrigation",,,,,,,,,,,,,,,,,"Ariyalur, Perambalur, Salem, Namakkal",,,,Plant at optimal density. Apply zinc sulphate to correct zinc deficiency.,,,,
Blackgram,June - July,September - October,Manual,Harvest when pods turn black and dry.,,60-70,"Sandy loam, Black soil",,,,"Rainfed, Well Irrigation",,,,,,,,,,,,,,,,,"Thanjavur, Trichy, Nagapattinam, Madurai",,,,Ensure proper drainage. Control yellow mosaic virus.,,,,
Greengram,June - July,September - October,Manual,Harvest when pods turn yellow and dry.,,60-70,"Sandy loam, Red soil",,,,"Rainfed, Well Irrigation",,,,,,,,,,,,,,,,,"Dindigul, Theni, Madurai, Sivaganga",,,,Provide staking support to prevent lodging. Control pod borers.,,,,
Coconut,Throughout the year,Throughout the year,Manual,Climb the tree and cut down mature coconuts.,,-,"Sandy loam, Red soil",,,,Irrigation during summer months,,,,,,,,,,,,,,,,,"Coimbatore, Thanjavur, Kanyakumari, Pollachi",,,,Ensure proper drainage. Apply fertilizers regularly.,,,,
Banana,Throughout the year,12-15 months after planting,Manual,Cut the bunch when fruits are mature and slightly yellow.,,365-450,"Loamy soil, Clay loam",,,,"Drip Irrigation, Surface Irrigation",,,,,,,,,,,,,,,,,"Theni, Tiruchirappalli, Tuticorin, Karur",,,,Provide propping support to prevent lodging. Control Panama wilt.,,,,
Turmeric,April - May,January - February,Manual,Dig up the rhizomes when leaves turn yellow and dry.,,270-300,"Sandy loam, Red soil",,,,"Well Irrigation, Drip Irrigation",,,,,,,,,,,,,,,,,"Erode, Salem, Dharmapuri, Vellore",,,,Plant rhizomes on ridges. Control rhizome rot.,,,,
Tapioca,Throughout the year,8-10 months after planting,Manual,Harvest the tubers by digging around the plant.,,240-300,"Sandy loam, Red soil",,,,"Well Irrigation, Rainfed",,,,,,,,,,,,,,,,,"Salem, Namakkal, Dharmapuri, Cuddalore",,,,Plant stems at an angle. Control cassava mosaic disease.,,,,
Cashew,Throughout the year,February - May,Manual,Harvest the nuts when they fall to the ground.,,-,"Sandy loam, Red soil",,,,Rainfed,,,,,,,,,,,,,,,,,"Cuddalore, Sivaganga, Pudukkottai, Ramanathapuram",,,,Protect against tea mosquito bug. Apply fertilizers regularly.,,,,
Sesame,June - July,September - October,Manual,Cut the plants when capsules turn yellow and dry.,,80-90,"Sandy loam, Black soil",,,,"Rainfed, Well Irrigation",,,,,,,,,,,,,,,,,"Nagapattinam, Thiruvarur, Cuddalore, Villupuram",,,,Ensure proper drainage. Control phyllody.,,,,
Sunflower,June - July,September - October,Manual,Cut the heads when bracts turn yellow and dry.,,90-100,"Sandy loam, Black soil",,,,"Well Irrigation, Rainfed",,,,,,,,,,,,,,,,,"Perambalur, Ariyalur, Villupuram, Dharmapuri",,,,Plant hybrid varieties. Control head borer.,,,,
Onion,June - July,October - November,Manual,Pull out the bulbs when leaves start to dry.,,120-150,"Sandy loam, Red soil",,,,"Well Irrigation, Drip Irrigation",,,,,,,,,,,,,,,,,"Perambalur, Tiruchirappalli, Dindigul, Theni",,,,Ensure proper drainage. Control thrips.,,,,
Tomato,June - July,September - October,Manual,Pick the fruits when they are fully red.,,90-120,"Sandy loam, Red soil",,,,"Drip Irrigation, Well Irrigation",,,,,,,,,,,,,,,,,"Krishnagiri, Dharmapuri, Dindigul, Coimbatore",,,,Provide staking support. Control early and late blight.,,,,
Brinjal,June - July,September - October,Manual,Pick the fruits when they are tender and glossy.,,120-150,"Sandy loam, Black soil",,,,"Drip Irrigation, Well Irrigation",,,,,,,,,,,,,,,,,"Vellore, Tiruvannamalai, Karur, Trichy",,,,Provide staking support. Control shoot and fruit borer.,,,,
Chilli,June - July,September - October,Manual,Pick the fruits when they are fully red and dry.,,150-180,"Sandy loam, Red soil",,,,"Drip Irrigation, Well Irrigation",,,,,,,,,,,,,,,,,"Ramanathapuram, Sivaganga, Virudhunagar, Madurai",,,,Provide staking support. Control thrips and mites.,,,,
Tapioca,June - July,January - February,Manual,Harvest the tubers by digging around the plant.,,240-300,"Sandy loam, Red soil",,,,Well Irrigation,,,,,,,,,,,,,,,,,"Salem, Namakkal, Villupuram, Cuddalore",,,,Plant stems at an angle. Control cassava mosaic disease.,,,,
Oil Palm,Throughout the year,3-4 years after planting,Manual,Harvest bunches using a chisel.,,,Loamy soil,,,,Irrigation during dry periods,,,,,,,,,,,,,,,,,"Thanjavur, Tirunelveli, Kanyakumari",,,,Apply fertilizers as per recommendations. Prune regularly.,,,,
Mango,Throughout the year,April - June,Manual,Harvest fruits carefully to avoid damage.,,,Red sandy loam,,,,Irrigation during flowering and fruit development,,,,,,,,,,,,,,,,,"Krishnagiri, Dharmapuri, Salem, Theni",,,,Control fruit fly. Apply fertilizers regularly.,,,,
Jackfruit,Throughout the year,June - August,Manual,Harvest mature fruits by cutting the stem.,,,Loamy soil,,,,Rainfed,,,,,,,,,,,,,,,,,"Cuddalore, Kanyakumari, Salem, Coimbatore",,,,Control fruit rot. Prune regularly.,,,,
Amla,Throughout the year,November - February,Manual,Harvest fruits when they are mature and slightly yellowish.,,,Sandy loam,,,,Rainfed,,,,,,,,,,,,,,,,,"Dharmapuri, Krishnagiri, Salem, Vellore",,,,Control fruit fly. Apply fertilizers regularly.,,,,
Sapota,Throughout the year,February - May,Manual,Harvest fruits when they are soft and easily detachable.,,,Sandy loam,,,,Irrigation during dry periods,,,,,,,,,,,,,,,,,"Dindigul, Theni, Madurai, Tirunelveli",,,,Control leaf spot. Apply fertilizers regularly.,,,,
Guava,Throughout the year,September - December,Manual,Harvest fruits when they are mature and slightly soft.,,,Sandy loam,,,,Irrigation during dry periods,,,,,,,,,,,,,,,,,"Dindigul, Theni, Madurai, Trichy",,,,Control fruit fly. Apply fertilizers regularly.,,,,
Paddy (Kuruvai),June-July,September-October,Manual/Combine Harvester,Cut the paddy at 80-85% maturity and thresh.,,90-110,"Alluvial, Clay Loam",,,,"Canal, Tank, Borewell",,,,,,,,,,,,,,,,,"Thanjavur, Tiruvarur, Nagapattinam",,,,Manage weeds and pests. Apply fertilizer as per recommendation.,,,,
Paddy (Samba),August-September,January-February,Manual/Combine Harvester,Cut the paddy at 80-85% maturity and thresh.,,130-150,"Alluvial, Clay Loam",,,,"Canal, Tank, Borewell",,,,,,,,,,,,,,,,,"Thanjavur, Tiruvarur, Nagapattinam",,,,Manage weeds and pests. Apply fertilizer as per recommendation.,,,,
Bengal Gram,October-November,January-February,Manual,Harvest when pods are mature and dry.,,100-120,"Black soil, Loamy soil",,,,"Rainfed, Protective irrigation",,,,,,,,,,,,,,,,,"Coimbatore, Erode, Tiruppur",,,,Ensure good drainage. Control wilt diseases.,,,,
Jowar,June-July,October-November,Manual/Combine Harvester,Cut the stalks when grains are mature.,,110-130,"Black soil, Loamy soil",,,,"Rainfed, Protective irrigation",,,,,,,,,,,,,,,,,"Coimbatore, Erode, Tiruppur",,,,Manage shoot borer. Use drought-resistant varieties.,,,,
Bajra,June-July,October-November,Manual/Combine Harvester,Cut the stalks when grains are mature.,,90-110,"Sandy soil, Loamy soil",,,,Rainfed,,,,,,,,,,,,,,,,,"Tirunelveli, Thoothukudi, Ramanathapuram",,,,Manage downy mildew. Use drought-resistant varieties.,,,,
Redgram,June-July,January-February,Manual,Harvest when pods are mature and dry.,,180-200,"Red soil, Loamy soil",,,,"Rainfed, Protective irrigation",,,,,,,,,,,,,,,,,"Krishnagiri, Dharmapuri, Salem",,,,Manage pod borer. Use wilt-resistant varieties.,,,,
Horsegram,October-November,January-February,Manual,Harvest when pods are mature and dry.,,90-110,"Red soil, Sandy soil",,,,Rainfed,,,,,,,,,,,,,,,,,"Dharmapuri, Krishnagiri, Vellore",,,,Manage leaf spot. Ensure good drainage.,,,,
Castor,June-July,February-March,Manual,Harvest capsules when dry.,,180-240,"Sandy loam, Red soil",,,,"Rainfed, Protective irrigation",,,,,,,,,,,,,,,,,"Villupuram, Cuddalore, Perambalur",,,,Manage semilooper. Use high-yielding varieties.,,,,
Mustard,October-November,January-February,Manual,Harvest when pods are mature and dry.,,90-120,"Loamy soil, Alluvial soil",,,,Irrigated,,,,,,,,,,,,,,,,,"Dindigul, Theni, Madurai",,,,Manage aphids. Use high-yielding varieties.,,,,
Coriander,October-November,January-February,Manual,Harvest when seeds are mature and dry.,,90-120,"Loamy soil, Black soil",,,,Irrigated,,,,,,,,,,,,,,,,,"Madurai, Theni, Dindigul",,,,Manage powdery mildew. Ensure good drainage.,,,,
Fenugreek,October-November,January-February,Manual,Harvest when pods are mature and dry.,,90-120,"Loamy soil, Alluvial soil",,,,Irrigated,,,,,,,,,,,,,,,,,"Madurai, Theni, Dindigul",,,,Manage leaf spot. Ensure good drainage.,,,,
Potato,October-November,January-February,Manual/Mechanical,Harvest when tubers are mature.,,90-120,"Sandy loam, Loamy soil",,,,Irrigated,,,,,,,,,,,,,,,,,"Nilgiris, Dindigul, Erode",,,,Manage late blight. Use certified seeds.,,,,
Cabbage,October-November,January-February,Manual,Harvest when heads are firm.,,90-120,"Loamy soil, Alluvial soil",,,,Irrigated,,,,,,,,,,,,,,,,,"Nilgiris, Dindigul, Krishnagiri",,,,Manage diamondback moth. Ensure good drainage.,,,,
Cauliflower,October-November,January-February,Manual,Harvest when curds are compact and white.,,90-120,"Loamy soil, Alluvial soil",,,,Irrigated,,,,,,,,,,,,,,,,,"Nilgiris, Dindigul, Krishnagiri",,,,Manage cutworms. Ensure good drainage.,,,,
Carrot,October-November,January-February,Manual,Harvest when roots are mature and well-colored.,,90-120,"Sandy loam, Loamy soil",,,,Irrigated,,,,,,,,,,,,,,,,,"Nilgiris, Dindigul, Theni",,,,Manage leaf blight. Ensure good drainage.,,,,
Beetroot,October-November,January-February,Manual,Harvest when roots are mature and well-colored.,,90-120,"Sandy loam, Loamy soil",,,,Irrigated,,,,,,,,,,,,,,,,,"Nilgiris, Dindigul, Theni",,,,Manage leaf spot. Ensure good drainage.,,,,
Beans,June-July,September-October,Manual,Harvest pods when tender.,,60-80,"Sandy loam, Loamy soil",,,,Irrigated,,,,,,,,,,,,,,,,,"Dindigul, Theni, Krishnagiri",,,,Manage bean mosaic virus. Provide support.,,,,
Cluster Beans,June-July,September-October,Manual,Harvest pods when tender.,,60-80,"Sandy loam, Loamy soil",,,,Rainfed,,,,,,,,,,,,,,,,,"Madurai, Theni, Dindigul",,,,Manage leaf spot. Ensure good drainage.,,,,
Snake Gourd,June-July,September-October,Manual,Harvest fruits when tender.,,90-120,"Sandy loam, Loamy soil",,,,Irrigated,,,,,,,,,,,,,,,,,"Thanjavur, Trichy, Madurai",,,,Manage fruit fly. Provide support.,,,,
Bitter Gourd,June-July,September-October,Manual,Harvest fruits when tender.,,90-120,"Sandy loam, Loamy soil",,,,Irrigated,,,,,,,,,,,,,,,,,"Thanjavur, Trichy, Madurai",,,,Manage fruit fly. Provide support.,,,,
Ash Gourd,June-July,September-October,Manual,Harvest fruits when mature.,,120-150,"Sandy loam, Loamy soil",,,,Irrigated,,,,,,,,,,,,,,,,,"Thanjavur, Trichy, Madurai",,,,Manage fruit fly. Ensure good drainage.,,,,
Pumpkin,June-July,September-October,Manual,Harvest fruits when mature.,,120-150,"Sandy loam, Loamy soil",,,,Irrigated,,,,,,,,,,,,,,,,,"Thanjavur, Trichy, Madurai",,,,Manage fruit fly. Ensure good drainage.,,,,
Watermelon,February-March,May-June,Manual,Harvest when fruit sounds hollow when tapped.,,90-120,"Sandy loam, Loamy soil",,,,Irrigated,,,,,,,,,,,,,,,,,"Karur, Trichy, Perambalur",,,,Manage fruit fly. Ensure good drainage.,,,,
Muskmelon,February-March,May-June,Manual,Harvest when fruit detaches easily from the vine.,,90-120,"Sandy loam, Loamy soil",,,,Irrigated,,,,,,,,,,,,,,,,,"Karur, Trichy, Perambalur",,,,Manage fruit fly. Ensure good drainage.,,,,
Sweet Potato,June-July,November-December,Manual,Harvest tubers when mature.,,120-150,"Sandy loam, Loamy soil",,,,"Rainfed, Irrigated",,,,,,,,,,,,,,,,,"Dindigul, Tirunelveli, Thoothukudi",,,,Manage sweet potato weevil. Use disease-free planting material.,,,,
Small Onion,July-August,October-November,Manual,Harvest when leaves start to dry,,60-70,"Sandy loam, Red soil",,,,Well irrigation,,,,,,,,,,,,,,,,,"Perambalur, Dindigul, Tiruchirappalli",,,,"Maintain proper drainage, manage basal rot effectively",,,,
Sugarcane,February - March,December - January (12-18 months),Manual/Mechanical,Harvest canes when sucrose content is high. Avoid lodging.,,,,,,,"Drip Irrigation, Furrow Irrigation",,,,Loamy soil,,,,,,,,,,,,,"Karur, Erode, Namakkal, Tiruvannamalai",365-540,,,,,Ensure proper drainage. Apply recommended fertilizers.,,
Cotton,June - July,November - December,Manual,Pick kapas when bolls are fully open. Avoid mixing with trash.,,,,,,,"Drip Irrigation, Sprinkler Irrigation",,,,Black soil,,,,,,,,,,,,,"Coimbatore, Madurai, Virudhunagar, Tiruppur",180-200,,,,,Control pests and diseases effectively. Use Bt cotton varieties.,,
Groundnut,June - July,September - October,Manual/Mechanical,Harvest pods when kernels are mature. Dry pods properly before storage.,,,,,,,"Well Irrigation, Rainfed",,,,Sandy loam,,,,,,,,,,,,,"Villupuram, Tiruvannamalai, Vellore, Salem",120-130,,,,,Ensure proper drainage. Apply gypsum for pod development.,,
Maize,June - July,September - October,Manual/Mechanical,Harvest cobs when kernels are dented and moisture content is low.,,,,,,,"Well Irrigation, Canal Irrigation",,,,Loamy soil,,,,,,,,,,,,,"Dindigul, Perambalur, Ariyalur, Salem",90-100,,,,,Use hybrid seeds and follow recommended agronomic practices.,,
Blackgram,June - July,September - October,Manual,Harvest pods when they turn black. Thresh and clean seeds.,,,,,,,"Rainfed, Well Irrigation",,,,Sandy loam,,,,,,,,,,,,,"Thoothukudi, Tirunelveli, Madurai, Ramanathapuram",70-80,,,,,Ensure proper drainage. Control pests like pod borers.,,
Greengram,June - July,September - October,Manual,Harvest pods when they turn yellow. Thresh and clean seeds.,,,,,,,"Rainfed, Well Irrigation",,,,Sandy loam,,,,,,,,,,,,,"Thiruvallur, Kanchipuram, Vellore, Tiruvannamalai",60-70,,,,,Ensure proper drainage. Control pests like pod borers.,,
Sunflower,June - July,September - October,Manual,Harvest heads when back turns yellow. Dry heads properly.,,,,,,,"Well Irrigation, Drip Irrigation",,,,Loamy soil,,,,,,,,,,,,,"Erode, Coimbatore, Tiruppur, Karur",90-100,,,,,Ensure proper pollination. Control pests like head borers.,,
Turmeric,April - May,January - February (9 months),Manual,Harvest rhizomes when leaves turn yellow and dry.,,,,,,,"Well Irrigation, Sprinkler Irrigation",,,,Loamy soil,,,,,,,,,,,,,"Erode, Salem, Karur, Dindigul",270,,,,,Provide shade during initial stages. Control rhizome rot.,,
Banana,Throughout the year,Throughout the year (12-15 months),Manual,Harvest bunches when fingers are full and rounded.,,,,,,,Drip Irrigation,,,,Loamy soil,,,,,,,,,,,,,"Trichy, Theni, Tirunelveli, Thoothukudi",365-450,,,,,Provide proper support. Manage nematodes and Sigatoka leaf spot.,,
Tapioca,May - June,February - March (8-10 months),Manual,Harvest tubers when they are mature and starch content is high.,,,,,,,Well Irrigation,,,,Sandy loam,,,,,,,,,,,,,"Salem, Namakkal, Dharmapuri, Villupuram",240-300,,,,,Ensure proper drainage. Control mosaic disease.,,
Cashew,June - July,February - March,Manual,Harvest nuts when they fall from the tree.,,,,,,,"Rainfed, Supplemental Irrigation",,,,Laterite soil,,,,,,,,,,,,,"Cuddalore, Pudukkottai, Sivaganga, Ramanathapuram",N/A,,,,,Control tea mosquito bug. Apply fertilizers regularly.,,
Mango,June - July,April - May,Manual,Harvest fruits when they are mature but still firm.,,,,,,,Well Irrigation,,,,Loamy soil,,,,,,,,,,,,,"Krishnagiri, Dharmapuri, Salem, Vellore",N/A,,,,,Control fruit fly. Manage powdery mildew.,,
Coconut,Throughout the year,Throughout the year,Manual,Harvest nuts when they are mature and the husk is brown.,,,,,,,Well Irrigation,,,,Sandy loam,,,,,,,,,,,,,"Coimbatore, Pollachi, Thanjavur, Kanyakumari",N/A,,,,,Provide proper drainage. Control rhinoceros beetle.,,
Tomato,June - July,September - October,Manual,Harvest fruits when they are fully ripe and red.,,,,,,,"Drip Irrigation, Sprinkler Irrigation",,,,Sandy loam,,,,,,,,,,,,,"Dindigul, Krishnagiri, Theni, Coimbatore",90-100,,,,,Provide support. Control early and late blight.,,
Brinjal,June - July,September - October,Manual,Harvest fruits when they are glossy and tender.,,,,,,,"Drip Irrigation, Sprinkler Irrigation",,,,Loamy soil,,,,,,,,,,,,,"Vellore, Tiruvannamalai, Krishnagiri, Dharmapuri",120-130,,,,,Control shoot and fruit borer. Manage bacterial wilt.,,
Okra,June - July,September - October,Manual,Harvest pods when they are tender and 4-5 inches long.,,,,,,,"Well Irrigation, Drip Irrigation",,,,Sandy loam,,,,,,,,,,,,,"Perambalur, Ariyalur, Trichy, Karur",60-70,,,,,Control yellow vein mosaic virus. Manage fruit borer.,,
Chillies,June - July,September - October,Manual,Harvest fruits when they turn red and are fully ripe.,,,,,,,"Drip Irrigation, Sprinkler Irrigation",,,,Sandy loam,,,,,,,,,,,,,"Ramanathapuram, Sivaganga, Virudhunagar, Thoothukudi",150-180,,,,,Control thrips and mites. Manage fruit rot.,,
Onion,June - July,September - October,Manual,Harvest bulbs when tops fall over. Cure bulbs properly.,,,,,,,"Drip Irrigation, Furrow Irrigation",,,,Sandy loam,,,,,,,,,,,,,"Perambalur, Tiruchirappalli, Dindigul, Karur",120-150,,,,,Ensure proper drainage. Control thrips and purple blotch.,,
Tapioca,September - October,June - July (8-10 months),Manual,Harvest tubers when they are mature and starch content is high.,,,,,,,Well Irrigation,,,,Sandy loam,,,,,,,,,,,,,"Salem, Namakkal, Dharmapuri, Villupuram",240-300,,,,,Ensure proper drainage. Control mosaic disease.,,
Cashew,September - October,June - July,Manual,Harvest nuts when they fall from the tree.,,,,,,,"Rainfed, Supplemental Irrigation",,,,Laterite soil,,,,,,,,,,,,,"Cuddalore, Pudukkottai, Sivaganga, Ramanathapuram",N/A,,,,,Control tea mosquito bug. Apply fertilizers regularly.,,
Mango,September - October,July - August,Manual,Harvest fruits when they are mature but still firm.,,,,,,,Well Irrigation,,,,Loamy soil,,,,,,,,,,,,,"Krishnagiri, Dharmapuri, Salem, Vellore",N/A,,,,,Control fruit fly. Manage powdery mildew.,,
Coconut,September - October,Throughout the year,Manual,Harvest nuts when they are mature and the husk is brown.,,,,,,,Well Irrigation,,,,Sandy loam,,,,,,,,,,,,,"Coimbatore, Pollachi, Thanjavur, Kanyakumari",N/A,,,,,Provide proper drainage. Control rhinoceros beetle.,,
Tomato,September - October,December - January,Manual,Harvest fruits when they are fully ripe and red.,,,,,,,"Drip Irrigation, Sprinkler Irrigation",,,,Sandy loam,,,,,,,,,,,,,"Dindigul, Krishnagiri, Theni, Coimbatore",90-100,,,,,Provide support. Control early and late blight.,,
Brinjal,September - October,December - January,Manual,Harvest fruits when they are glossy and tender.,,,,,,,"Drip Irrigation, Sprinkler Irrigation",,,,Loamy soil,,,,,,,,,,,,,"Vellore, Tiruvannamalai, Krishnagiri, Dharmapuri",120-130,,,,,Control shoot and fruit borer. Manage bacterial wilt.,,
Okra,September - October,December - January,Manual,Harvest pods when they are tender and 4-5 inches long.,,,,,,,"Well Irrigation, Drip Irrigation",,,,Sandy loam,,,,,,,,,,,,,"Perambalur, Ariyalur, Trichy, Karur",60-70,,,,,Control yellow vein mosaic virus. Manage fruit borer.,,
Chillies,September - October,December - January,Manual,Harvest fruits when they turn red and are fully ripe.,,,,,,,"Drip Irrigation, Sprinkler Irrigation",,,,Sandy loam,,,,,,,,,,,,,"Ramanathapuram, Sivaganga, Virudhunagar, Thoothukudi",150-180,,,,,Control thrips and mites. Manage fruit rot.,,
Onion,September - October,December - January,Manual,Harvest bulbs when tops fall over. Cure bulbs properly.,,,,,,,"Drip Irrigation, Furrow Irrigation",,,,Sandy loam,,,,,,,,,,,,,"Perambalur, Tiruchirappalli, Dindigul, Karur",120-150,,,,,Ensure proper drainage. Control thrips and purple blotch.,,
Horsegram,October-November,January-February,Manual,Harvest when pods are dry and thresh them.,,,,,,,Rainfed,,,,Sandy Loam,,,,,,,,,,,,,"Dharmapuri, Krishnagiri, Salem",90-100,,,,,Ensure good drainage. Control pests like aphids.,,
Cumbu (Pearl Millet),June - July,September - October,Manual,Harvest when grains are mature and thresh.,,,,,,,"Rainfed, Well Irrigation",,,,Sandy Loam,,,,,,,,,,,,,"Tiruvannamalai, Villupuram, Vellore",90-100,,,,,Use drought resistant varieties. Control downy mildew.,,
Ragi (Finger Millet),June - July,September - October,Manual,Harvest when grains are mature and thresh.,,,,,,,"Rainfed, Well Irrigation",,,,Red Loamy,,,,,,,,,,,,,"Dharmapuri, Krishnagiri, Salem",110-120,,,,,Use improved varieties. Control blast disease.,,
Pulses (Redgram),June - July,December - January,Manual,Harvest pods when dry and thresh.,,,,,,,"Rainfed, Well Irrigation",,,,Red Loamy,,,,,,,,,,,,,"Salem, Dharmapuri, Krishnagiri",150-180,,,,,Manage pod borers. Apply Rhizobium culture.,,
Sesame,June - July,September - October,Manual,Harvest when capsules turn yellow and thresh.,,,,,,,Well Irrigation,,,,Sandy Loam,,,,,,,,,,,,,"Thanjavur, Nagapattinam, Tiruvarur",90-100,,,,,Control phyllody. Ensure proper drainage.,,
Castor,June - July,December - January,Manual,Harvest capsules when dry and thresh.,,,,,,,Well Irrigation,,,,Sandy Loam,,,,,,,,,,,,,"Villupuram, Vellore, Tiruvannamalai",180-200,,,,,Control semi-looper. Use hybrid varieties.,,
Jasmine,Throughout the year,Throughout the year,Manual,Harvest flowers in the early morning.,,,,,,,Well Irrigation,,,,Red Loamy,,,,,,,,,,,,,"Madurai, Dindigul, Theni",N/A,,,,,Prune regularly. Control bud worm.,,
Marigold,Throughout the year,Throughout the year,Manual,Harvest flowers when fully opened.,,,,,,,Well Irrigation,,,,Sandy Loam,,,,,,,,,,,,,"Dindigul, Krishnagiri, Theni",N/A,,,,,Control nematodes. Apply proper nutrition.,,
Rose,Throughout the year,Throughout the year,Manual,Harvest flowers when buds are about to open.,,,,,,,Well Irrigation,,,,Red Loamy,,,,,,,,,,,,,"Nilgiris, Dindigul, Krishnagiri",N/A,,,,,Prune regularly. Control black spot.,,
Cardamom,June - July,December - January,Manual,Harvest capsules when fully mature.,,,,,,,Rainfed,,,,Forest Loamy,,,,,,,,,,,,,"Theni, Dindigul, Tirunelveli",N/A,,,,,Provide shade. Control thrips and capsule rot.,,
Coffee,June - July,November - December,Manual,Harvest berries when fully ripe.,,,,,,,Rainfed,,,,Lateritic Loamy,,,,,,,,,,,,,"Dindigul, Theni, Nilgiris",N/A,,,,,Provide shade. Control coffee berry borer.,,
Tea,Throughout the year,Throughout the year,Manual,Harvest young leaves (two leaves and a bud).,,,,,,,Rainfed,,,,Acidic Loamy,,,,,,,,,,,,,"Nilgiris, Coimbatore",N/A,,,,,Prune regularly. Control tea mosquito bug.,,
Rubber,Throughout the year,Throughout the year,Manual,Tapping latex from the rubber tree.,,,,,,,Rainfed,,,,Lateritic Loamy,,,,,,,,,,,,,Kanyakumari,N/A,,,,,Regular tapping is crucial. Control fungal diseases.,,
Pepper,June - July,December - January,Manual,Harvest spikes when berries turn red.,,,,,,,Rainfed,,,,Forest Loamy,,,,,,,,,,,,,"Theni, Dindigul, Tirunelveli",N/A,,,,,Provide support. Control quick wilt disease.,,
Cloves,June - July,December - January,Manual,Harvest flower buds when they turn pinkish.,,,,,,,Rainfed,,,,Forest Loamy,,,,,,,,,,,,,"Theni, Dindigul",N/A,,,,,Well-drained soil is essential. Protect from wind damage.,,
Nutmeg,June - July,December - January,Manual,Harvest fruits when ripe and the mace is bright red.,,,,,,,Rainfed,,,,Forest Loamy,,,,,,,,,,,,,"Theni, Dindigul",N/A,,,,,Protect young trees from sunburn. Well-drained soil is essential.,,
Cinnamon,June - July,December - January,Manual,Harvest bark by peeling it from branches.,,,,,,,Rainfed,,,,Forest Loamy,,,,,,,,,,,,,"Theni, Dindigul",N/A,,,,,Manage shoot borers. Properly dried bark is crucial.,,
Mustard,October-November,January-February,Manual,Harvest when pods turn yellow and thresh.,,,,,,,Rainfed,,,,Loamy,,,,,,,,,,,,,"Dharmapuri, Krishnagiri, Vellore",110-120,,,,,Control aphids. Use high yielding varieties,,
Ridge Gourd,June - July,September - October,Manual,Harvest when young and tender,,,,,,,Well Irrigation,,,,Sandy Loam,,,,,,,,,,,,,"Vellore, Tiruvannamalai, Kanchipuram",60-70,,,,,Provide support with a trellis,,
Watermelon,February-March,May-June,Manual,Harvest by Thumping the fruit and listening for a hollow sound,,,,,,,Furrow Irrigation,,,,Sandy Loam,,,,,,,,,,,,,"Ariyalur, Perambalur, Trichy",90-100,,,,,Control Fruit flies.,,
Bitter Gourd,June - July,September - October,Manual,Harvest when young and green before they turn yellow,,,,,,,Well Irrigation,,,,Sandy Loam,,,,,,,,,,,,,"Vellore, Tiruvannamalai, Kanchipuram",60-70,,,,,Provide support with a trellis,,
Rice,January - February,May - June,Manual,Cut the paddy using a sickle at 80-85% maturity,,,,,,,,,,110,Clay loam,Tube Well Irrigation,Apply zinc sulphate for better growth,,,,,,,,,,,,,,,,,,"Kanchipuram, Tiruvallur",
Groundnut,June - July,October - November,Manual,Harvest when pods are mature and shells are hard,,,,,,,,,,120,Sandy loam,Well Irrigation,Ensure proper drainage to avoid aflatoxin contamination,,,,,,,,,,,,,,,,,,"Villupuram, Tiruvannamalai",
Groundnut,January - February,April - May,Manual,Harvest when pods are mature and shells are hard,,,,,,,,,,110,Sandy loam,Sprinkler Irrigation,Apply gypsum at flowering stage for better pod filling,,,,,,,,,,,,,,,,,,"Salem, Dharmapuri",
Sugarcane,February - March,January - February (next year),Manual/Mechanical,Cut the cane close to the ground,,,,,,,,,,365,Clay loam,Furrow Irrigation,Use setts from healthy plants for planting,,,,,,,,,,,,,,,,,,"Erode, Karur",
Sugarcane,June - July,May - June (next year),Manual/Mechanical,Cut the cane close to the ground,,,,,,,,,,365,Clay loam,Drip Irrigation,Apply potash to increase sugar content,,,,,,,,,,,,,,,,,,"Namakkal, Tirupur",
Cotton,June - July,December - January,Manual,Pick the cotton bolls when fully open,,,,,,,,,,180,Black soil,Well Irrigation,Control bollworms effectively for higher yield,,,,,,,,,,,,,,,,,,"Coimbatore, Tiruppur",
Cotton,February - March,July - August,Manual,Pick the cotton bolls when fully open,,,,,,,,,,160,Black soil,Sprinkler Irrigation,Apply magnesium sulphate to prevent red leaf disease,,,,,,,,,,,,,,,,,,"Madurai, Virudhunagar",
Maize,June - July,October - November,Manual,Harvest when kernels are fully mature and dry,,,,,,,,,,100,Loamy soil,Well Irrigation,Apply nitrogen fertilizer in split doses,,,,,,,,,,,,,,,,,,"Perambalur, Ariyalur",
Maize,January - February,April - May,Manual,Harvest when kernels are fully mature and dry,,,,,,,,,,90,Loamy soil,Drip Irrigation,Ensure adequate phosphorus supply for good root development,,,,,,,,,,,,,,,,,,"Dindigul, Theni",
Pulses (Black Gram),June - July,September - October,Manual,Harvest when pods turn black and dry,,,,,,,,,,75,Sandy loam,Rainfed/Well Irrigation,Treat seeds with Rhizobium culture before sowing,,,,,,,,,,,,,,,,,,"Cuddalore, Nagapattinam",
Pulses (Black Gram),January - February,April - May,Manual,Harvest when pods turn black and dry,,,,,,,,,,70,Sandy loam,Well Irrigation,Provide support to prevent lodging,,,,,,,,,,,,,,,,,,"Thanjavur, Tiruvarur",
Pulses (Green Gram),June - July,September - October,Manual,Harvest when pods turn yellow and dry,,,,,,,,,,65,Loamy soil,Rainfed/Well Irrigation,Control pod borers effectively,,,,,,,,,,,,,,,,,,"Villupuram, Kallakurichi",
Pulses (Green Gram),January - February,April - May,Manual,Harvest when pods turn yellow and dry,,,,,,,,,,60,Loamy soil,Well Irrigation,Apply molybdenum to correct micronutrient deficiency,,,,,,,,,,,,,,,,,,"Salem, Namakkal",
Sunflower,February - March,May - June,Manual,Harvest when the back of the head turns yellow,,,,,,,,,,90,Black soil,Well Irrigation,Protect against bird damage during seed filling,,,,,,,,,,,,,,,,,,"Vellore, Ranipet",
Sunflower,June - July,September - October,Manual,Harvest when the back of the head turns yellow,,,,,,,,,,85,Black soil,Sprinkler Irrigation,Apply boron to improve seed set,,,,,,,,,,,,,,,,,,"Erode, Tirupur",
Banana,Throughout the year,11-12 months after planting,Manual,Cut the bunch when fingers are fully developed,,,,,,,,,,330,Clay loam,Drip Irrigation,Provide adequate irrigation and fertilizer for good bunch size,,,,,,,,,,,,,,,,,,"Trichy, Karur",
Banana,Throughout the year,11-12 months after planting,Manual,Cut the bunch when fingers are fully developed,,,,,,,,,,330,Clay loam,Drip Irrigation,Control Panama wilt disease effectively,,,,,,,,,,,,,,,,,,"Theni, Tirunelveli",
Turmeric,April - May,January - February (next year),Manual,Harvest when leaves turn yellow and dry,,,,,,,,,,270,Sandy loam,Well Irrigation,Provide shade during initial stages of growth,,,,,,,,,,,,,,,,,,"Erode, Salem",
Turmeric,April - May,January - February (next year),Manual,Harvest when leaves turn yellow and dry,,,,,,,,,,270,Sandy loam,Sprinkler Irrigation,Apply zinc sulphate to improve rhizome yield,,,,,,,,,,,,,,,,,,"Karur, Namakkal",
Tapioca,April - May,December - January (next year),Manual,Harvest when tubers are fully developed,,,,,,,,,,300,Sandy loam,Well Irrigation,Use healthy planting materials for better yield,,,,,,,,,,,,,,,,,,"Salem, Dharmapuri",
Tapioca,April - May,December - January (next year),Manual,Harvest when tubers are fully developed,,,,,,,,,,300,Sandy loam,Drip Irrigation,Control mites effectively to prevent yield loss,,,,,,,,,,,,,,,,,,"Namakkal, Krishnagiri",
Onion,June - July,October - November,Manual,Harvest when tops fall over,,,,,,,,,,120,Sandy loam,Well Irrigation,Apply sulphur to improve bulb size and pungency,,,,,,,,,,,,,,,,,,"Perambalur, Ariyalur",
Onion,October - November,February - March,Manual,Harvest when tops fall over,,,,,,,,,,110,Sandy loam,Sprinkler Irrigation,Control thrips effectively to prevent yield loss,,,,,,,,,,,,,,,,,,"Dindigul, Theni",
Mango,Throughout the year,May - July,Manual,Harvest when fruits are mature and develop characteristic color,,,,,,,,,,365,Loamy soil,Well Irrigation,Control fruit flies and stone weevils effectively,,,,,,,,,,,,,,,,,,"Krishnagiri, Dharmapuri",
Mango,Throughout the year,May - July,Manual,Harvest when fruits are mature and develop characteristic color,,,,,,,,,,365,Loamy soil,Drip Irrigation,Apply potassium nitrate to improve fruit quality,,,,,,,,,,,,,,,,,,"Salem, Theni",
Cashew,Throughout the year,February - May,Manual,Harvest when nuts fall to the ground,,,,,,,,,,365,Sandy loam,Rainfed/Well Irrigation,Control tea mosquito bug effectively,,,,,,,,,,,,,,,,,,"Cuddalore, Villupuram",
Cashew,Throughout the year,February - May,Manual,Harvest when nuts fall to the ground,,,,,,,,,,365,Sandy loam,Rainfed/Well Irrigation,Apply boron to improve nut set,,,,,,,,,,,,,,,,,,"Pudukkottai, Sivaganga",
Coconut,Throughout the year,Throughout the year,Manual,"Harvest nuts based on maturity (tender, mature, or copra)",,,,,,,,,,365,Sandy loam,Well Irrigation,Provide adequate irrigation and fertilizer for continuous yield,,,,,,,,,,,,,,,,,,"Thanjavur, Coimbatore",
Coconut,Throughout the year,Throughout the year,Manual,"Harvest nuts based on maturity (tender, mature, or copra)",,,,,,,,,,365,Sandy loam,Well Irrigation,Control rhinoceros beetle and red palm weevil effectively,,,,,,,,,,,,,,,,,,"Kanyakumari, Tirunelveli",
Sesame,June - July,September - October,Manual,Harvest when capsules turn yellow and dry,,,,,,,,,,90,Sandy loam,Rainfed/Well Irrigation,Control phyllody disease effectively,,,,,,,,,,,,,,,,,,"Tiruvannamalai, Villupuram",
Sesame,January - February,April - May,Manual,Harvest when capsules turn yellow and dry,,,,,,,,,,85,Sandy loam,Well Irrigation,Apply zinc sulphate to improve seed yield,,,,,,,,,,,,,,,,,,"Salem, Dharmapuri",
Chillies,June - July,October - November,Manual,Harvest when fruits turn red and dry,,,,,,,,,,180,Sandy loam,Well Irrigation,Control thrips and mites effectively,,,,,,,,,,,,,,,,,,"Ramanathapuram, Sivaganga",
Chillies,February - March,July - August,Manual,Harvest when fruits turn red and dry,,,,,,,,,,160,Sandy loam,Sprinkler Irrigation,Apply calcium nitrate to prevent blossom-end rot,,,,,,,,,,,,,,,,,,"Virudhunagar, Madurai",
Tomato,June - July,September - October,Manual,Harvest when fruits are fully ripe and red,,,,,,,,,,90,Loamy soil,Drip Irrigation,Provide staking to prevent fruit rot,,,,,,,,,,,,,,,,,,"Dindigul, Krishnagiri",
Tomato,January - February,April - May,Manual,Harvest when fruits are fully ripe and red,,,,,,,,,,85,Loamy soil,Drip Irrigation,Control early and late blight diseases effectively,,,,,,,,,,,,,,,,,,"Theni, Madurai",
Brinjal,June - July,October - November,Manual,Harvest when fruits are tender and glossy,,,,,,,,,,120,Sandy loam,Well Irrigation,Control shoot and fruit borer effectively,,,,,,,,,,,,,,,,,,"Vellore, Tiruvannamalai",
Brinjal,January - February,April - May,Manual,Harvest when fruits are tender and glossy,,,,,,,,,,110,Sandy loam,Sprinkler Irrigation,Apply calcium nitrate to prevent blossom-end rot,,,,,,,,,,,,,,,,,,"Salem, Dharmapuri",
Ladies Finger (Okra),June - July,September - October,Manual,Harvest when pods are tender and 4-6 inches long,,,,,,,,,,60,Loamy soil,Well Irrigation,Control yellow vein mosaic virus effectively,,,,,,,,,,,,,,,,,,"Perambalur, Ariyalur",
Ladies Finger (Okra),January - February,April - May,Manual,Harvest when pods are tender and 4-6 inches long,,,,,,,,,,55,Loamy soil,Drip Irrigation,Provide adequate irrigation for good pod development,,,,,,,,,,,,,,,,,,"Dindigul, Theni",
Jasmine,Throughout the year,Throughout the year,Manual,Harvest flowers in the early morning,,,,,,,,,,365,Sandy loam,Well Irrigation,Provide adequate irrigation and fertilizer for continuous flowering,,,,,,,,,,,,,,,,,,"Madurai, Dindigul",
Jasmine,Throughout the year,Throughout the year,Manual,Harvest flowers in the early morning,,,,,,,,,,365,Sandy loam,Drip Irrigation,Control red spider mites effectively,,,,,,,,,,,,,,,,,,"Theni, Virudhunagar",
Rose,Throughout the year,Throughout the year,Manual,Harvest flowers at the bud stage,,,,,,,,,,365,Loamy soil,Drip Irrigation,Provide adequate irrigation and fertilizer for continuous flowering,,,,,,,,,,,,,,,,,,"Dindigul, Krishnagiri",
Rose,Throughout the year,Throughout the year,Manual,Harvest flowers at the bud stage,,,,,,,,,,365,Loamy soil,Drip Irrigation,Control black spot disease effectively,,,,,,,,,,,,,,,,,,"Nilgiris, Coimbatore",
Cardamom,June - July,October - December,Manual,Harvest capsules when they turn light green,,,,,,,,,,240,Loamy soil,Sprinkler Irrigation,Provide shade and adequate drainage,,,,,,,,,,,,,,,,,,"Theni, Dindigul",
Pepper,June - July,January - March,Manual,Harvest spikes when berries turn red,,,,,,,,,,365,Loamy soil,Sprinkler Irrigation,Provide support and shade to the vines,,,,,,,,,,,,,,,,,,"Theni, Dindigul",
Tapioca,June-July,December-January,Manual,Harvest when tubers are mature,,,,,,,,,,240,Sandy Loam,Well Irrigation,Proper drainage is essential to prevent root rot,,,,,,,,,,,,,,,,,,"Salem, Namakkal",
Sweet Potato,June-July,November-December,Manual,Harvest when tubers are fully developed,,,,,,,,,,150,Sandy Loam,Well Irrigation,Earthing up around the vines promotes tuber development,,,,,,,,,,,,,,,,,,"Cuddalore, Villupuram",
Rice,December - January,April - May,Manual,Cut the paddy using a sickle at 80-85% maturity,,,,,,,,,,,Sandy loam,Well Irrigation,,,,,,,,,,,,"Kancheepuram, Tiruvallur, Vellore, Chengalpattu",120,,,,,,,Apply basal fertilizers as per soil test recommendations
Sugarcane,January - February,December - January (next year),Manual and Mechanical,"Harvest when sucrose content is maximum, usually 10-12 months",,,,,,,,,,,Loamy soil,Furrow Irrigation,,,,,,,,,,,,"Cuddalore, Villupuram, Erode, Namakkal",365,,,,,,,"Ensure proper drainage, control weeds regularly, apply potash for better sugar content"
Cotton,June - July,November - December,Manual,Pick bolls when fully opened and dry,,,,,,,,,,,Black cotton soil,Drip Irrigation,,,,,,,,,,,,"Coimbatore, Tiruppur, Madurai, Virudhunagar",180,,,,,,,"Monitor for bollworms, use integrated pest management strategies"
Groundnut,June - July,October - November,Manual and Mechanical,Harvest when pods are mature and shells are hardened,,,,,,,,,,,Sandy loam,Well Irrigation,,,,,,,,,,,,"Villupuram, Tiruvannamalai, Vellore, Dharmapuri",120,,,,,,,"Provide adequate calcium for pod development, control leaf spot disease"
Maize,June - July,October - November,Manual and Mechanical,Harvest when kernels are dented and moisture content is low,,,,,,,,,,,Loamy soil,Sprinkler Irrigation,,,,,,,,,,,,"Coimbatore, Dindigul, Salem, Perambalur",100,,,,,,,"Apply nitrogen fertilizer in split doses, control stem borer"
Blackgram,June - July,September - October,Manual,Harvest when pods turn black and dry,,,,,,,,,,,Sandy loam,Well Irrigation,,,,,,,,,,,,"Thanjavur, Nagapattinam, Thiruvarur, Cuddalore",75,,,,,,,"Ensure proper drainage, control yellow mosaic virus"
Greengram,June - July,September - October,Manual,Harvest when pods turn yellow and dry,,,,,,,,,,,Sandy loam,Well Irrigation,,,,,,,,,,,,"Salem, Namakkal, Dharmapuri, Krishnagiri",60,,,,,,,Apply phosphorus fertilizer for better root development
Redgram,June - July,December - January,Manual,Harvest when pods turn brown and dry,,,,,,,,,,,Red sandy loam,Well Irrigation,,,,,,,,,,,,"Krishnagiri, Dharmapuri, Salem, Tiruchirappalli",180,,,,,,,"Provide support for tall varieties, control pod borer"
Sorghum,June - July,October - November,Manual and Mechanical,Harvest when grains are hard and moisture content is low,,,,,,,,,,,Black soil,Well Irrigation,,,,,,,,,,,,"Coimbatore, Erode, Tiruppur, Karur",110,,,,,,,"Use drought-tolerant varieties, control shoot fly"
Coconut,Throughout the year,Throughout the year,Manual,Harvest mature nuts based on tapping sound and husk color,,,,,,,,,,,Sandy loam,Drip Irrigation,,,,,,,,,,,,"Coimbatore, Thanjavur, Kanyakumari, Tirunelveli",365,,,,,,,"Provide regular irrigation and fertilization, control coconut mite"
Cashew,Throughout the year,February - May,Manual,Harvest when nuts fall naturally from the tree,,,,,,,,,,,Red laterite soil,Well Irrigation,,,,,,,,,,,,"Cuddalore, Pudukkottai, Sivaganga, Ramanathapuram",365,,,,,,,"Prune regularly to improve yield, control tea mosquito bug"
Mango,Throughout the year,April - June,Manual,Harvest when fruits are mature and change color,,,,,,,,,,,Loamy soil,Well Irrigation,,,,,,,,,,,,"Krishnagiri, Dharmapuri, Salem, Theni",365,,,,,,,"Apply regular fertilization, control fruit fly"
Banana,Throughout the year,12-15 months after planting,Manual,Harvest when fruits are fully developed and turn light green,,,,,,,,,,,Clay loam,Drip Irrigation,,,,,,,,,,,,"Tiruchirappalli, Theni, Tuticorin, Karur",450,,,,,,,"Provide regular irrigation and fertilization, control banana bunchy top virus"
Tapioca,Throughout the year,8-10 months after planting,Manual,Harvest when tubers are fully developed and starchy,,,,,,,,,,,Sandy loam,Well Irrigation,,,,,,,,,,,,"Salem, Namakkal, Dharmapuri, Vellore",300,,,,,,,"Provide regular irrigation and fertilization, control cassava mosaic disease"
Turmeric,June - July,January - February,Manual,Harvest when leaves turn yellow and dry,,,,,,,,,,,Sandy loam,Sprinkler Irrigation,,,,,,,,,,,,"Erode, Karur, Salem, Tiruchirappalli",270,,,,,,,"Provide regular irrigation and fertilization, control rhizome rot"
Onion,September - October,January - February,Manual,Harvest when tops fall over and bulbs are mature,,,,,,,,,,,Sandy loam,Drip Irrigation,,,,,,,,,,,,"Perambalur, Dindigul, Tiruchirappalli, Karur",120,,,,,,,"Provide regular irrigation and fertilization, control thrips"
Tomato,Throughout the year,Throughout the year,Manual,Harvest when fruits are fully ripe and red,,,,,,,,,,,Sandy loam,Drip Irrigation,,,,,,,,,,,,"Dindigul, Krishnagiri, Dharmapuri, Coimbatore",90,,,,,,,"Provide regular irrigation and fertilization, control early blight"
Brinjal,Throughout the year,Throughout the year,Manual,Harvest when fruits are fully developed and glossy,,,,,,,,,,,Sandy loam,Drip Irrigation,,,,,,,,,,,,"Vellore, Tiruvannamalai, Salem, Erode",120,,,,,,,"Provide regular irrigation and fertilization, control shoot and fruit borer"
Chilli,Throughout the year,Throughout the year,Manual,Harvest when fruits are fully ripe and red,,,,,,,,,,,Sandy loam,Drip Irrigation,,,,,,,,,,,,"Ramanathapuram, Sivaganga, Virudhunagar, Tirunelveli",150,,,,,,,"Provide regular irrigation and fertilization, control thrips and mites"
Jasmine,Throughout the year,Throughout the year,Manual,Harvest flowers in the early morning before sunrise,,,,,,,,,,,Sandy loam,Drip Irrigation,,,,,,,,,,,,"Madurai, Dindigul, Theni, Tirunelveli",365,,,,,,,"Provide regular irrigation and fertilization, control bud worm"
Marigold,Throughout the year,Throughout the year,Manual,Harvest flowers when fully open and petals are firm,,,,,,,,,,,Sandy loam,Drip Irrigation,,,,,,,,,,,,"Coimbatore, Dindigul, Krishnagiri, Dharmapuri",90,,,,,,,"Provide regular irrigation and fertilization, control aphids"
Rose,Throughout the year,Throughout the year,Manual,Harvest flowers when buds are partially open and petals are firm,,,,,,,,,,,Sandy loam,Drip Irrigation,,,,,,,,,,,,"Dindigul, Nilgiris, Krishnagiri, Dharmapuri",365,,,,,,,"Provide regular irrigation and fertilization, control powdery mildew"
Crossandra,Throughout the year,Throughout the year,Manual,Harvest flowers when fully open and petals are firm,,,,,,,,,,,Sandy loam,Drip Irrigation,,,,,,,,,,,,"Madurai, Dindigul, Theni, Virudhunagar",365,,,,,,,"Provide regular irrigation and fertilization, control mites"
Chrysanthemum,Throughout the year,Throughout the year,Manual,Harvest flowers when fully open and petals are firm,,,,,,,,,,,Sandy loam,Drip Irrigation,,,,,,,,,,,,"Coimbatore, Dindigul, Krishnagiri, Dharmapuri",120,,,,,,,"Provide regular irrigation and fertilization, control aphids and thrips"
Small Onion,September-October,January-February,Manual,Harvest when tops fall and bulbs are mature,,,,,,,,,,,Sandy Loam,Drip Irrigation,,,,,,,,,,,,"Perambalur, Dindigul, Trichy, Karur",75,,,,,,,"Ensure proper drainage, control thrips, proper fertilizer application"
Ladies Finger,February-March,May-June,Manual,Harvest tender pods at regular intervals,,,,,,,,,,,Sandy Loam,Drip Irrigation,,,,,,,,,,,,"Vellore, Tiruvannamalai, Salem, Erode",60,,,,,,,"Control fruit and shoot borer, proper nutrient management"
Ash Gourd,February-March,May-June,Manual,Harvest when fruit is mature and rind is hard,,,,,,,,,,,Sandy Loam,Drip Irrigation,,,,,,,,,,,,"Thanjavur, Trichy, Thiruvarur, Nagapattinam",90,,,,,,,"Control fruit fly, proper vine training"
Pumpkin,February-March,May-June,Manual,Harvest when fruit is mature and rind is hard,,,,,,,,,,,Sandy Loam,Drip Irrigation,,,,,,,,,,,,"Coimbatore, Erode, Tirupur, Karur",90,,,,,,,"Control fruit fly, proper nutrient management"
Watermelon,February-March,May-June,Manual,Harvest when fruit sounds dull when tapped,,,,,,,,,,,Sandy Loam,Drip Irrigation,,,,,,,,,,,,"Vellore, Tiruvannamalai, Salem, Erode",90,,,,,,,"Control fruit fly, proper pollination"
Muskmelon,February-March,May-June,Manual,Harvest when fruit slips easily from the vine,,,,,,,,,,,Sandy Loam,Drip Irrigation,,,,,,,,,,,,"Thanjavur, Trichy, Thiruvarur, Nagapattinam",90,,,,,,,"Control fruit fly, proper pollination"
Snake Gourd,February-March,May-June,Manual,Harvest tender fruits before they become too long,,,,,,,,,,,Sandy Loam,Drip Irrigation,,,,,,,,,,,,"Coimbatore, Erode, Tirupur, Karur",75,,,,,,,"Control fruit fly, proper vine training"
Bitter Gourd,February-March,May-June,Manual,Harvest tender fruits before they turn yellow,,,,,,,,,,,Sandy Loam,Drip Irrigation,,,,,,,,,,,,"Vellore, Tiruvannamalai, Salem, Erode",60,,,,,,,"Control fruit fly, proper nutrient management"
Ridge Gourd,February-March,May-June,Manual,Harvest tender fruits before they become too long,,,,,,,,,,,Sandy Loam,Drip Irrigation,,,,,,,,,,,,"Thanjavur, Trichy, Thiruvarur, Nagapattinam",75,,,,,,,"Control fruit fly, proper vine training"
Cluster Beans,June-July,September-October,Manual,Harvest tender pods at regular intervals,,,,,,,,,,,Sandy Loam,Well Irrigation,,,,,,,,,,,,"Coimbatore, Erode, Tirupur, Karur",60,,,,,,,"Control pod borer, proper nutrient management"
Drumstick,Throughout the year,Throughout the year,Manual,Harvest tender pods at regular intervals,,,,,,,,,,,Sandy Loam,Well Irrigation,,,,,,,,,,,,"Dindigul, Theni, Madurai, Virudhunagar",365,,,,,,,"Control pod borer, proper pruning"
Amla,Throughout the year,November-December,Manual,Harvest when fruits are mature and change color,,,,,,,,,,,Red Sandy Loam,Well Irrigation,,,,,,,,,,,,"Krishnagiri, Dharmapuri, Salem, Vellore",365,,,,,,,"Proper pruning, control insect pests"
Sapota,Throughout the year,Throughout the year,Manual,Harvest when fruits are mature and the skin is smooth,,,,,,,,,,,Sandy Loam,Well Irrigation,,,,,,,,,,,,"Theni, Dindigul, Madurai, Tirunelveli",365,,,,,,,"Proper pruning, control fruit fly"
Guava,Throughout the year,Throughout the year,Manual,Harvest when fruits are mature and change color,,,,,,,,,,,Sandy Loam,Well Irrigation,,,,,,,,,,,,"Trichy, Thanjavur, Pudukkottai, Sivaganga",365,,,,,,,"Proper pruning, control fruit fly"
Pomegranate,Throughout the year,Throughout the year,Manual,Harvest when fruits are mature and the skin is smooth,,,,,,,,,,,Sandy Loam,Well Irrigation,,,,,,,,,,,,"Dindigul, Theni, Madurai, Tirunelveli",365,,,,,,,"Proper pruning, control fruit borer"
Papaya,Throughout the year,Throughout the year,Manual,Harvest when fruits are mature and change color,,,,,,,,,,,Sandy Loam,Well Irrigation,,,,,,,,,,,,"Krishnagiri, Dharmapuri, Salem, Vellore",365,,,,,,,"Control papaya ring spot virus, proper nutrient management"
Sunflower,January-February,April-May,Manual & Mechanical,Harvest when the back of the head turns yellow,,,,,,,,,,,Black Cotton Soil,Well Irrigation,,,,,,,,,,,,"Coimbatore, Erode, Tirupur, Karur",90,,,,,,,"Proper seed rate, control head borer"
Sesame,June-July,September-October,Manual,Harvest when capsules turn yellow and seeds start to shatter,,,,,,,,,,,Sandy Loam,Well Irrigation,,,,,,,,,,,,"Villupuram, Tiruvannamalai, Cuddalore, Kancheepuram",90,,,,,,,"Proper seed rate, control phyllody"
Castor,June-July,December-January,Manual,Harvest when capsules are mature and dry,,,,,,,,,,,Sandy Loam,Well Irrigation,,,,,,,,,,,,"Salem, Namakkal, Dharmapuri, Krishnagiri",180,,,,,,,"Proper spacing, control capsule borer"
Coffee,Throughout the year,November-February,Manual,Harvest only fully ripe cherries,,,,,,,,,,,Red Lateritic Soil,Rainfed/Sprinkler,,,,,,,,,,,,"Dindigul, Theni, Nilgiris, Coimbatore",365,,,,,,,"Proper pruning, shade management"
Tea,Throughout the year,Throughout the year,Manual,Harvest only two leaves and a bud,,,,,,,,,,,Acidic Soil,Rainfed/Sprinkler,,,,,,,,,,,,"Nilgiris, Coimbatore, Theni, Kanyakumari",365,,,,,,,"Proper pruning, weed management"
Cardamom,Throughout the year,October-December,Manual,Harvest capsules when they are fully mature,,,,,,,,,,,Loamy Soil,Rainfed/Sprinkler,,,,,,,,,,,,"Theni, Dindigul, Tirunelveli, Kanyakumari",365,,,,,,,"Proper shade management, control thrips"
Pepper,Throughout the year,November-February,Manual,Harvest spikes when berries are mature and turn red,,,,,,,,,,,Lateritic Soil,Rainfed/Sprinkler,,,,,,,,,,,,"Theni, Dindigul, Tirunelveli, Kanyakumari",365,,,,,,,"Proper vine training, control quick wilt"
Cloves,Throughout the year,August-September,Manual,Harvest flower buds before they open,,,,,,,,,,,Loamy Soil,Rainfed,,,,,,,,,,,,"Tirunelveli, Kanyakumari",365,,,,,,,"Provide shade, manage pests and diseases"
Nutmeg,Throughout the year,December-January,Manual,Harvest fruits when they split open,,,,,,,,,,,Lateritic Soil,Rainfed,,,,,,,,,,,,"Tirunelveli, Kanyakumari",365,,,,,,,"Provide shade, manage pests and diseases"
,,,,,,,,,,,,,,,,,,Rice,June - July,November - December,Manual,Cut the paddy using a sickle at 80-85% maturity,"Thanjavur, Trichy, Madurai",120,Clay loam,Canal Irrigation,Use high-yield varieties and proper spacing,,,,,,,,,
,,,,,,,,,,,,,,,,,,Rice,January - February,May - June,Manual,Cut the paddy using a sickle at 80-85% maturity,"Thanjavur, Trichy, Madurai",120,Clay loam,Canal Irrigation,Use high-yield varieties and proper spacing,,,,,,,,,
,,,,,,,,,,,,,,,,,,Sugarcane,January - February,January - February (Next Year),Manual/Mechanical,Harvest when cane is mature and sucrose content is high,"Erode, Karur, Namakkal",365,Loamy soil,Drip Irrigation,Apply sufficient potash for better yield,,,,,,,,,
,,,,,,,,,,,,,,,,,,Sugarcane,July - August,July - August (Next Year),Manual/Mechanical,Harvest when cane is mature and sucrose content is high,"Erode, Karur, Namakkal",365,Loamy soil,Drip Irrigation,Apply sufficient potash for better yield,,,,,,,,,
,,,,,,,,,,,,,,,,,,Groundnut,June - July,September - October,Manual,Uproot the plants when the pods are mature,"Villupuram, Tiruvannamalai, Vellore",120,Sandy loam,Rainfed/Well Irrigation,Apply gypsum to improve pod filling,,,,,,,,,
,,,,,,,,,,,,,,,,,,Groundnut,December - January,March - April,Manual,Uproot the plants when the pods are mature,"Villupuram, Tiruvannamalai, Vellore",120,Sandy loam,Well Irrigation,Apply gypsum to improve pod filling,,,,,,,,,
,,,,,,,,,,,,,,,,,,Cotton,June - July,November - December,Manual,Pick the cotton bolls when they are fully open,"Coimbatore, Tiruppur, Salem",180,Black cotton soil,Well Irrigation,Control bollworms effectively,,,,,,,,,
,,,,,,,,,,,,,,,,,,Cotton,December - January,May - June,Manual,Pick the cotton bolls when they are fully open,"Coimbatore, Tiruppur, Salem",180,Black cotton soil,Well Irrigation,Control bollworms effectively,,,,,,,,,
,,,,,,,,,,,,,,,,,,Maize,June - July,September - October,Manual/Mechanical,Harvest when the kernels are hard and dry,"Dindigul, Perambalur, Ariyalur",90,Loamy soil,Well Irrigation,Apply zinc sulphate for higher yield,,,,,,,,,
,,,,,,,,,,,,,,,,,,Maize,December - January,March - April,Manual/Mechanical,Harvest when the kernels are hard and dry,"Dindigul, Perambalur, Ariyalur",90,Loamy soil,Well Irrigation,Apply zinc sulphate for higher yield,,,,,,,,,
,,,,,,,,,,,,,,,,,,Pulses (Black Gram),September - October,December - January,Manual,Harvest when pods turn black and dry,"Thanjavur, Nagapattinam, Tiruvarur",75,Loamy soil,Rainfed/Well Irrigation,Provide support to prevent lodging,,,,,,,,,
,,,,,,,,,,,,,,,,,,Pulses (Black Gram),January - February,April - May,Manual,Harvest when pods turn black and dry,"Thanjavur, Nagapattinam, Tiruvarur",75,Loamy soil,Well Irrigation,Provide support to prevent lodging,,,,,,,,,
,,,,,,,,,,,,,,,,,,Pulses (Green Gram),September - October,December - January,Manual,Harvest when pods turn yellow and dry,"Thanjavur, Nagapattinam, Tiruvarur",60,Loamy soil,Rainfed/Well Irrigation,Control pod borers effectively,,,,,,,,,
,,,,,,,,,,,,,,,,,,Pulses (Green Gram),January - February,April - May,Manual,Harvest when pods turn yellow and dry,"Thanjavur, Nagapattinam, Tiruvarur",60,Loamy soil,Well Irrigation,Control pod borers effectively,,,,,,,,,
,,,,,,,,,,,,,,,,,,Sunflower,June - July,September - October,Manual,Cut the heads when the back turns yellow,"Vellore, Dharmapuri, Krishnagiri",90,Loamy soil,Well Irrigation,Protect from bird damage,,,,,,,,,
,,,,,,,,,,,,,,,,,,Sunflower,December - January,March - April,Manual,Cut the heads when the back turns yellow,"Vellore, Dharmapuri, Krishnagiri",90,Loamy soil,Well Irrigation,Protect from bird damage,,,,,,,,,
,,,,,,,,,,,,,,,,,,Coconut,Throughout the year,Throughout the year,Manual,Harvest mature nuts regularly,"Coimbatore, Pollachi, Thanjavur",365+,Sandy loam,Well Irrigation,Apply fertilizers regularly,,,,,,,,,
,,,,,,,,,,,,,,,,,,Banana,Throughout the year,Throughout the year,Manual,Harvest when fingers are fully developed,"Trichy, Theni, Tirunelveli",365+,Loamy soil,Drip Irrigation,Provide propping to prevent lodging,,,,,,,,,
,,,,,,,,,,,,,,,,,,Turmeric,April - May,January - February (Next Year),Manual,Dig out rhizomes when leaves turn yellow and dry,"Erode, Salem, Dharmapuri",270,Sandy loam,Well Irrigation,Provide shade during initial stages,,,,,,,,,
,,,,,,,,,,,,,,,,,,Tapioca,June - July,February - March (Next Year),Manual,Harvest when tubers are mature,"Salem, Namakkal, Dharmapuri",300,Sandy loam,Well Irrigation,Apply potash for better tuber development,,,,,,,,,
,,,,,,,,,,,,,,,,,,Cashew,July - August,February - May,Manual,Harvest when nuts fall naturally,"Cuddalore, Pudukkottai, Sivaganga",365+,Sandy loam,Rainfed,Protect from tea mosquito bug,,,,,,,,,
,,,,,,,,,,,,,,,,,,Mango,December - January,April - June,Manual,Harvest when fruits are mature and start changing color,"Krishnagiri, Dharmapuri, Salem",120+,Loamy soil,Well Irrigation,Control fruit fly effectively,,,,,,,,,
,,,,,,,,,,,,,,,,,,Onion,September - October,December - January,Manual,Harvest when necks start to fall,"Dindigul, Perambalur, Tiruchirappalli",90,Sandy loam,Well Irrigation,Control purple blotch disease,,,,,,,,,
,,,,,,,,,,,,,,,,,,Tomato,June - July,September - October,Manual,Harvest when fruits are fully ripe and red,"Dindigul, Krishnagiri, Dharmapuri",75,Sandy loam,Drip Irrigation,Provide staking for better yield,,,,,,,,,
,,,,,,,,,,,,,,,,,,Chilli,June - July,September - October,Manual,Harvest when fruits turn red and dry,"Ramanathapuram, Sivaganga, Virudhunagar",180,Sandy loam,Well Irrigation,Control thrips effectively,,,,,,,,,
,,,,,,,,,,,,,,,,,,Brinjal,Throughout the year,Throughout the year,Manual,Harvest when fruits are tender and glossy,"Vellore, Tiruvannamalai, Krishnagiri",180,Sandy loam,Drip Irrigation,Control shoot and fruit borer,,,,,,,,,
,,,,,,,,,,,,,,,,,,Lady's Finger (Okra),February - March,May - June,Manual,Harvest when pods are tender,"Perambalur, Ariyalur, Tiruchirappalli",60,Sandy loam,Well Irrigation,Control yellow vein mosaic virus,,,,,,,,,
,,,,,,,,,,,,,,,,,,Betel Vine,Throughout the year,Throughout the year,Manual,Harvest leaves regularly,"Thanjavur, Trichy, Madurai",365+,Clay loam,Well Irrigation,Provide proper support and shade,,,,,,,,,
,,,,,,,,,,,,,,,,,,Jasmine,Throughout the year,Throughout the year,Manual,Harvest flowers early in the morning,"Madurai, Dindigul, Virudhunagar",365+,Loamy soil,Well Irrigation,Prune regularly for better flowering,,,,,,,,,
,,,,,,,,,,,,,,,,,,Crossandra,Throughout the year,Throughout the year,Manual,Harvest flowers regularly,"Madurai, Dindigul, Virudhunagar",365+,Loamy soil,Well Irrigation,Apply fertilizers regularly,,,,,,,,,
,,,,,,,,,,,,,,,,,,Cardamom,June - July,December - January,Manual,Harvest capsules when they turn green,"Theni, Dindigul, Tirunelveli",365+,Forest loam,Well Irrigation,Provide shade and control pests,,,,,,,,,
,,,,,,,,,,,,,,,,,,Pepper,June - July,December - January,Manual,Harvest spikes when berries turn red,"Theni, Dindigul, Tirunelveli",365+,Forest loam,Well Irrigation,Provide support and control pests,,,,,,,,,
,,,,,,,,,,,,,,,,,,Rubber,Throughout the year,Throughout the year,Manual,Tap rubber trees regularly,"Kanyakumari, Tirunelveli",365+,Laterite soil,Rainfed,Control fungal diseases,,,,,,,,,
,,,,,,,,,,,,,,,,,,Coffee,June - July,December - January,Manual,Harvest berries when they turn red,"Dindigul, Theni",365+,Forest loam,Well Irrigation,Provide shade and control pests,,,,,,,,,
,,,,,,,,,,,,,,,,,,Tea,Throughout the year,Throughout the year,Manual,Pluck tea leaves regularly,"Nilgiris, Coimbatore",365+,Acidic soil,Rainfed,Prune regularly for better yield,,,,,,,,,
,,,,,,,,,,,,,,,,,,Arecanut,June - July,December - January,Manual,Harvest nuts when they are mature,"Theni, Dindigul",365+,Loamy soil,Well Irrigation,Provide shade and control pests,,,,,,,,,
,,,,,,,,,,,,,,,,,,Gingelly (Sesame),June - July,September - October,Manual,Cut plants when capsules turn yellow,"Villupuram, Cuddalore, Tiruvannamalai",90,Sandy loam,Rainfed/Well Irrigation,Control leaf spot disease,,,,,,,,,
,,,,,,,,,,,,,,,,,,Sorghum (Cholam),June - July,September - October,Manual/Mechanical,Harvest when grains are mature and dry,"Coimbatore, Tiruppur, Erode",100,Black soil,Rainfed/Well Irrigation,Control stem borer effectively,,,,,,,,,
,,,,,,,,,,,,,,,,,,Cumbu (Pearl Millet),June - July,September - October,Manual/Mechanical,Harvest when grains are mature and dry,"Ramanathapuram, Sivaganga, Virudhunagar",90,Sandy soil,Rainfed,Control downy mildew,,,,,,,,,
,,,,,,,,,,,,,,,,,,Horse Gram (Kollu),September - October,December - January,Manual,Harvest when pods are dry and brittle,"Krishnagiri, Dharmapuri, Salem",90,Red sandy loam,Rainfed,Suitable for drought-prone areas,,,,,,,,,
,,,,,,,,,,,,,,,,,,Foxtail Millet (Thinai),June - July,September - October,Manual,Harvest when grains are mature and dry,"Salem, Namakkal, Karur",90,Sandy loam,Rainfed,Requires less water,,,,,,,,,
,,,,,,,,,,,,,,,,,,Ragi (Finger Millet),June - July,September - October,Manual,Harvest when grains are mature and dry,"Krishnagiri, Dharmapuri, Vellore",110,Red sandy loam,Rainfed/Well Irrigation,Apply farmyard manure,,,,,,,,,
,,,,,,,,,,,,,,,,,,Varagu (Kodo Millet),June - July,September - October,Manual,Harvest when grains are mature and dry,"Vellore, Tiruvannamalai, Villupuram",120,Sandy loam,Rainfed,Suitable for marginal lands,,,,,,,,,
,,,,,,,,,,,,,,,,,,Samai (Little Millet),June - July,September - October,Manual,Harvest when grains are mature and dry,"Namakkal, Salem, Karur",90,Sandy loam,Rainfed,Requires less water and fertile soil,,,,,,,,,
,,,,,,,,,,,,,,,,,,Kuthiraivali (Barnyard Millet),June - July,September - October,Manual,Harvest when grains are mature and dry,"Vellore, Tiruvannamalai, Villupuram",75,Sandy loam,Rainfed,Fast-growing millet crop,,,,,,,,,
,,,,,,,,,,,,,,,,,,Cluster Beans (Kothavarai),June - July,September - October,Manual,Harvest when pods are tender and green,"Perambalur, Ariyalur, Tiruchirappalli",60,Sandy loam,Well Irrigation,Harvest regularly for continuous yield,,,,,,,,,
,,,,,,,,,,,,,,,,,,Snake Gourd (Pudalangai),February - March,May - June,Manual,Harvest when gourds are tender and long,"Vellore, Tiruvannamalai, Krishnagiri",120,Sandy loam,Well Irrigation,Provide support for climbing,,,,,,,,,
,,,,,,,,,,,,,,,,,,Ridge Gourd (Peerkanagai),February - March,May - June,Manual,Harvest when gourds are tender and ribbed,"Perambalur, Ariyalur, Tiruchirappalli",120,Sandy loam,Well Irrigation,Provide support for climbing,,,,,,,,,
,,,,,,,,,,,,,,,,,,Bitter Gourd (Pavakkai),February - March,May - June,Manual,Harvest when gourds are mature and bitter,"Vellore, Tiruvannamalai, Krishnagiri",120,Sandy loam,Well Irrigation,Control fruit fly effectively,,,,,,,,,
,,,,,,,,,,,,,,,,,,Bottle Gourd (Suraikai),February - March,May - June,Manual,Harvest when gourds are tender and smooth,"Perambalur, Ariyalur, Tiruchirappalli",120,Sandy loam,Well Irrigation,Provide support for climbing,,,,,,,,,
